"sample","settling","inactivation","total"
1,1.64279837923913,1.21770345997604,2.86050183921517
2,1.97875843854689,0.654602759293146,2.63336119784004
3,1.70230069271721,1.33337193326698,3.03567262598419
4,2.40059633973968,2.75376482846867,5.15436116820836
5,3.17756424934161,0.395148359008711,3.57271260835032
6,1.13725061344241,1.39274174566005,2.52999235910247
7,1.87603113449492,0.637900764461621,2.51393189895654
8,1.01324420923066,2.94081976830135,3.95406397753201
9,2.00438769065285,10.7874375944657,12.7918252851186
10,1.8097387979708,0.389393028859496,2.19913182683029
11,1.85310550391313,0.660227424451365,2.5133329283645
12,0.770243309902962,0.22329206133157,0.993535371234532
13,0.585699808015183,0.652468329634203,1.23816813764939
14,2.77983221640953,2.35442166929198,5.13425388570151
15,2.59175810064457,2.13058202494193,4.7223401255865
16,2.55312254866629,0.412168122125857,2.96529067079215
17,1.56238662472669,0.545512550319941,2.10789917504663
18,1.10240354534402,1.64099830574477,2.74340185108879
19,1.38918899376781,3.48949111441002,4.87868010817783
20,1.24697827452078,1.08130034369526,2.32827861821603
21,1.58033176019125,0.76319791154185,2.3435296717331
22,1.00441727848639,0.534817562698832,1.53923484118523
23,4.98214574561936,2.10506137294087,7.08720711856023
24,2.27083773507373,1.38087265277095,3.65171038784468
25,0.884914864970778,6.42240502048928,7.30731988546006
26,1.91249399126099,0.397364859344931,2.30985885060592
27,1.28593958429514,0.80865527466137,2.09459485895651
28,0.443128793412744,1.72400706058592,2.16713585399867
29,1.27276777692075,0.949458895557624,2.22222667247838
30,1.58241924583447,0.561203887071686,2.14362313290616
31,0.574857166983345,1.42674163071157,2.00159879769492
32,0.365939008788256,2.16561866390385,2.53155767269211
33,0.508398919860644,1.79693401902032,2.30533293888096
34,1.91989913490977,1.07859246619495,2.99849160110472
35,1.53016471883683,1.82207334309688,3.35223806193371
36,1.55948104243029,2.74730484511307,4.30678588754336
37,1.26846400465646,1.80868088891691,3.07714489357336
38,2.4510826455797,0.440269061395198,2.8913517069749
39,4.83872798779914,1.19641524882085,6.03514323661999
40,1.19216380891666,1.59678621310572,2.78895002202239
41,1.28846712595468,1.01863162387801,2.30709874983268
42,1.15127089268043,0.671443821524249,1.82271471420468
43,0.989808254670518,1.16686882289422,2.15667707756474
44,1.61869266422376,1.93983818996163,3.55853085418539
45,0.955943886664374,0.85615026077947,1.81209414744384
46,1.33046360572102,1.53762729759049,2.86809090331151
47,1.03857180641641,4.58773661686147,5.62630842327788
48,1.7017602287675,0.0901020121836606,1.79186224095116
49,2.3038767365478,3.7470081865273,6.0508849230751
50,1.38726725833718,0.609089839186034,1.99635709752321
51,2.07822123336054,4.11017030591979,6.18839153928034
52,1.44686038803339,0.37345895736042,1.82031934539381
53,2.29998711341333,0.249517240013759,2.54950435342709
54,0.728652876222902,0.126220869742723,0.854873745965624
55,2.1925432192466,7.94854058259177,10.1410838018384
56,0.820473347329936,0.658311205569795,1.47878455289973
57,2.02197415419507,0.527204941343597,2.54917909553867
58,2.49928261107144,2.73701240969215,5.23629502076359
59,1.08551380243377,0.692305147326451,1.77781894976022
60,2.67401340764408,1.45410380895147,4.12811721659554
61,0.596387240033537,0.901332306348084,1.49771954638162
62,1.11784362099518,6.48786026990254,7.60570389089772
63,0.472401904006636,1.08491922556006,1.5573211295667
64,1.84155873659026,0.998178784430076,2.83973752102033
65,1.05983977853175,2.29016716116004,3.3500069396918
66,2.08084629496208,0.747453374544643,2.82829966950672
67,0.900662745921408,4.65804942085945,5.55871216678086
68,2.20715236696053,0.199018733851537,2.40617110081206
69,1.76063273097198,0.148603349322795,1.90923608029477
70,1.45732772631724,0.26211735624831,1.71944508256555
71,1.55518033881664,2.67339069187077,4.2285710306874
72,1.17351192989431,0.397771619486254,1.57128354938057
73,2.50511213124476,0.751147441028198,3.25625957227295
74,1.79511603506058,0.794299771895434,2.58941580695601
75,1.30510388107582,2.4142320249789,3.71933590605471
76,0.650765931329164,2.9506946918548,3.60146062318397
77,1.35182302477937,0.208653242360098,1.56047626713947
78,1.15734044300733,0.462056114586676,1.61939655759401
79,0.735063546891575,7.5904492726804,8.32551281957197
80,1.40192743264946,1.59031138670123,2.99223881935069
81,1.6408162091505,1.48891848971485,3.12973469886536
82,1.46474234223992,0.683137975328068,2.14788031756799
83,0.639760450651343,2.45581067877758,3.09557112942892
84,2.92619383615866,0.626418708384168,3.55261254454283
85,1.3418948023645,1.37100408799559,2.71289889036008
86,3.59867207227928,0.449586368324797,4.04825844060408
87,2.15745594635498,1.06648631749247,3.22394226384745
88,0.825510999048843,0.673039681408274,1.49855068045712
89,1.66456837039537,0.723107802489059,2.38767617288443
90,2.2355632837167,2.9597999642617,5.19536324797839
91,2.89929708960361,0.937803995549467,3.83710108515307
92,2.11455128593325,0.375659938004161,2.49021122393741
93,0.808431416664727,4.73759503098479,5.54602644764952
94,1.96173472642653,0.813476118572861,2.77521084499939
95,1.33171204069043,1.12831826380292,2.46003030449335
96,0.997491773476606,0.920905608285383,1.91839738176199
97,1.2037352357161,3.75235809377891,4.95609332949501
98,3.72675171679007,0.0998906147634688,3.82664233155354
99,1.91314413673102,1.98534777448675,3.89849191121777
100,1.79405597088682,0.972019195017829,2.76607516590465
101,0.733791648557602,0.668973013159932,1.40276466171753
102,1.20998450631771,0.531788558877663,1.74177306519537
103,1.11476914187091,5.44846512894935,6.56323427082025
104,1.59331360614075,1.47006323530452,3.06337684144527
105,1.74523255180823,0.307086173994518,2.05231872580275
106,0.761864437007217,0.295450706511595,1.05731514351881
107,2.42310194695999,1.79839624376118,4.22149819072116
108,1.28531512177164,2.58709224672984,3.87240736850148
109,1.65219864680425,0.98664506718885,2.6388437139931
110,1.41513523002855,0.267287162970597,1.68242239299915
111,1.17047910977363,0.0852789197420082,1.25575802951563
112,1.89028758518917,2.8205502737225,4.71083785891167
113,1.76940705998867,1.78683249351111,3.55623955349979
114,1.59855686931688,0.805600930377628,2.40415779969451
115,0.9942628607291,0.46509264121216,1.45935550194126
116,1.6745728294304,1.365414666111,3.0399874955414
117,1.64862988166672,1.75649693346935,3.40512681513606
118,3.12826900289673,0.454112272014762,3.58238127491149
119,0.718679547054787,1.86052398570046,2.57920353275525
120,1.81473422749513,1.34222289540346,3.15695712289859
121,1.5774354808219,0.388926735961334,1.96636221678324
122,1.63954012627086,0.328148581813058,1.96768870808392
123,1.53308189069433,0.848113385263715,2.38119527595805
124,0.766082132681009,1.15303299159794,1.91911512427895
125,1.3625204312285,0.390855242994071,1.75337567422257
126,2.41784912331306,1.25956878875441,3.67741791206747
127,1.61458020901256,0.863492623716937,2.4780728327295
128,1.49646911536901,0.826233464820419,2.32270258018943
129,1.90238759416723,3.73583840916146,5.63822600332869
130,1.16950966206093,0.362044423357051,1.53155408541798
131,1.42020497945666,0.75495390762464,2.1751588870813
132,0.923327854341863,0.561728023730675,1.48505587807254
133,0.746746460043813,4.79541806873275,5.54216452877657
134,1.37834988130049,1.87986361205696,3.25821349335745
135,3.73914781035892,1.25984035532761,4.99898816568653
136,1.8085399869193,0.377713948801132,2.18625393572044
137,1.7370606520982,0.837189882505257,2.57425053460346
138,1.17153359871833,0.505734546681926,1.67726814540026
139,0.554365110460967,1.56337059222535,2.11773570268631
140,1.32521022318018,1.23448917356009,2.55969939674027
141,1.1047972014225,1.02452290058795,2.12932010201045
142,1.91787445151933,0.0838538907366169,2.00172834225594
143,3.39817341489612,0.567355750740658,3.96552916563677
144,0.86882592001069,0.415377682033271,1.28420360204396
145,2.46640170344803,1.75815637448563,4.22455807793366
146,0.976699867239239,0.339872898895306,1.31657276613454
147,1.07160493002026,1.24450814071134,2.3161130707316
148,2.92479401385898,1.35255784915372,4.2773518630127
149,1.04369707059324,2.28784480222213,3.33154187281536
150,1.81297352543705,1.4043563454007,3.21732987083775
151,1.88648260423563,4.19129868764675,6.07778129188238
152,1.78359004263733,2.08131645141572,3.86490649405305
153,2.41336166991395,0.30850960596362,2.72187127587757
154,1.64329951025211,0.237395368833789,1.8806948790859
155,1.1909705862254,0.115116277171232,1.30608686339663
156,0.967431748408566,0.861436050726697,1.82886779913526
157,3.3310636954925,0.916225996144227,4.24728969163673
158,1.22639162487307,3.46973693530384,4.69612856017691
159,0.872560823075498,0.514866691011238,1.38742751408674
160,0.947949033418509,3.85016843272156,4.79811746614007
161,2.3439517069373,0.573958433438131,2.91791014037543
162,1.143722146252,0.598237382081462,1.74195952833346
163,1.46805134811284,2.25006375109571,3.71811509920856
164,1.03314527604537,1.88274080423571,2.91588608028108
165,1.49791356875045,0.141959053207594,1.63987262195805
166,3.00278053407183,0.91273729708871,3.91551783116054
167,2.31919781259556,1.86454795970133,4.18374577229689
168,0.874848378291796,2.49447027367909,3.36931865197089
169,2.05718932853062,0.534142839834052,2.59133216836468
170,0.480755285999542,0.357640220373509,0.838395506373051
171,0.667064885361514,3.49066235630373,4.15772724166524
172,1.02117272485016,1.0334010273512,2.05457375220136
173,2.75070379333819,0.606517215139943,3.35722100847813
174,2.49779934462029,0.580644157497935,3.07844350211822
175,0.90149068563967,0.147383855266169,1.04887454090584
176,4.59966915972972,1.53179894584512,6.13146810557484
177,0.458402845808787,1.53220754894465,1.99061039475344
178,4.13507000689038,0.15391850137204,4.28898850826242
179,1.34217697772333,0.438490617330906,1.78066759505424
180,1.31053275407332,1.08547896687903,2.39601172095235
181,0.718793129745929,1.61168161517119,2.33047474491712
182,0.992477432037401,1.70941342217592,2.70189085421332
183,2.44022583388578,0.215116623805842,2.65534245769162
184,1.71462739114977,1.33755301920707,3.05218041035685
185,1.11628234363594,1.8338607898285,2.95014313346444
186,0.974923337739576,0.839964202634683,1.81488754037426
187,1.0087867692918,6.00282547700515,7.01161224629695
188,1.36066867842216,4.33412324898872,5.69479192741088
189,1.98114205601176,0.882884364144133,2.86402642015589
190,0.889074211677991,1.04528545268631,1.9343596643643
191,2.57279540659696,1.04209712946782,3.61489253606478
192,1.25944758824842,0.781808837948176,2.0412564261966
193,1.31905115557014,0.421400409070582,1.74045156464072
194,2.84574719604832,0.809258411196303,3.65500560724463
195,0.785869173657312,6.48571131913581,7.27158049279312
196,4.02313936493582,1.35438107796311,5.37752044289893
197,0.464312318476031,1.11044928273869,1.57476160121472
198,0.846899419484342,0.258927969390733,1.10582738887508
199,1.35122726876606,4.75465904233733,6.10588631110339
200,1.2945860876614,0.380631072220132,1.67521715988153
201,1.46634232637529,8.0192126697211,9.48555499609639
202,2.35744745005847,0.584896730832306,2.94234418089077
203,1.11346053171904,1.17953053461447,2.29299106633351
204,1.2665288483485,2.41176821555421,3.67829706390271
205,2.52998546077809,0.865380947507623,3.39536640828572
206,1.91630516012957,0.373836813711941,2.29014197384151
207,1.44041230431476,1.35149242780469,2.79190473211945
208,1.0621736079361,0.785685001846081,1.84785860978218
209,1.28485965672897,1.74413741146558,3.02899706819455
210,1.13285740823702,1.4518071615977,2.58466456983471
211,0.716744222528291,2.36243697349187,3.07918119602017
212,1.97963765005721,1.27974144900299,3.2593790990602
213,1.22412363134609,0.433910212953528,1.65803384429962
214,0.810228654469674,0.402752956375332,1.21298161084501
215,1.49885823020779,1.40315545492008,2.90201368512787
216,1.57886501282346,6.002417081682,7.58128209450546
217,2.21680181619124,0.699127215987926,2.91592903217916
218,1.14735623141056,0.783497698436265,1.93085392984683
219,4.54942047179801,0.303881120861677,4.85330159265968
220,2.48320657252006,0.72812500279848,3.21133157531854
221,2.02671694893132,0.26778779350315,2.29450474243447
222,0.69013365467033,0.457216716828262,1.14735037149859
223,2.69393199968261,0.213629466502888,2.9075614661855
224,1.30394613639523,0.670524419015258,1.97447055541048
225,1.25867529069495,0.40547494499103,1.66415023568598
226,0.369427855920583,1.71201662343316,2.08144447935374
227,0.782525906754812,0.353957757142724,1.13648366389754
228,2.01393909296284,1.0712978286352,3.08523692159804
229,1.31375971927964,0.0927176028240894,1.40647732210373
230,1.78212880572099,0.831234948251796,2.61336375397278
231,1.46578089004783,0.273697471973605,1.73947836202144
232,1.58252240382889,0.930292742028595,2.51281514585748
233,1.30179890483446,4.75810546458201,6.05990436941647
234,0.499512682646324,0.518071973275853,1.01758465592218
235,0.45903769811439,1.58528944464396,2.04432714275835
236,0.930936928732754,5.18828405626712,6.11922098499988
237,0.60358032517753,1.66949835309989,2.27307867827742
238,1.22000937513246,1.92730159543522,3.14731097056767
239,1.61192872557032,0.295342285038319,1.90727101060864
240,1.28087472216439,0.642365748386966,1.92324047055135
241,1.25048899452429,0.852776626585714,2.10326562111
242,1.34671925291111,2.6395938966419,3.98631314955301
243,1.22305597121118,0.283158136013876,1.50621410722505
244,1.07767099387395,3.99004305998525,5.06771405385921
245,2.66907315871384,1.56680691135892,4.23588007007276
246,1.28878396843684,0.253253537875487,1.54203750631233
247,1.23649380194152,0.156542537648157,1.39303633958968
248,0.686230060523085,0.121381978004996,0.807612038528081
249,0.642636194655575,0.642557534760708,1.28519372941628
250,1.32389998969914,0.619718917173458,1.9436189068726
251,2.21604625747958,15.8353951379787,18.0514413954583
252,1.2478959004873,0.307307053512178,1.55520295399948
253,1.60654285173298,8.20641285218998,9.81295570392297
254,1.83710527829735,3.71255909859738,5.54966437689473
255,1.57534222320492,1.56543482937291,3.14077705257783
256,1.76132947256029,0.936878731128438,2.69820820368873
257,1.52495238978318,0.579725373134691,2.10467776291787
258,1.03890017790393,1.98727226476551,3.02617244266943
259,1.83038429590329,0.568798157330404,2.39918245323369
260,3.06880641940408,0.149448309903032,3.21825472930711
261,1.28736088013689,0.950627057199447,2.23798793733633
262,1.26762176871874,2.56818704581044,3.83580881452918
263,2.81669935783632,0.734928759774457,3.55162811761078
264,2.89627911591189,6.53581801438938,9.43209713030127
265,1.21834073547368,0.501487693877366,1.71982842935105
266,1.10690105151796,2.65159516226971,3.75849621378768
267,1.88661714170029,1.52091100861192,3.40752815031221
268,1.14205431744904,5.65219352150004,6.79424783894908
269,1.4792454285978,1.55277097542256,3.03201640402036
270,0.575431283268292,2.0982500931746,2.6736813764429
271,2.01236946099932,0.71974997207517,2.73211943307449
272,0.708578019665365,4.18337495231019,4.89195297197555
273,1.22699928961756,0.339491023695636,1.56649031331319
274,0.905007926752289,0.892721289899514,1.7977292166518
275,1.0809054182982,0.261629191167851,1.34253460946605
276,1.20193056560854,1.7597970651234,2.96172763073194
277,2.02655775950438,0.160724593539343,2.18728235304372
278,3.15459904330909,1.23841606242581,4.3930151057349
279,0.899406495134304,5.02876990513941,5.92817640027371
280,0.785414260188144,2.43689376317502,3.22230802336316
281,1.40399419008034,3.37677765022871,4.78077184030905
282,0.805146146459633,0.509625908950899,1.31477205541053
283,1.67700802271216,1.04471282805735,2.72172085076951
284,1.26741310615521,1.49498657054676,2.76239967670197
285,1.28782408314244,0.807774194161291,2.09559827730374
286,1.28939780513,2.13282101305631,3.42221881818631
287,0.714145493340937,0.386497242137579,1.10064273547852
288,0.573915779607929,0.763743633709625,1.33765941331755
289,0.515988845112567,0.80006703585829,1.31605588097086
290,1.71436152586889,1.08301666598485,2.79737819185373
291,3.07259384998288,2.30071326389671,5.37330711387959
292,2.11338050902924,0.510020926037942,2.62340143506719
293,3.39828362416453,0.341701981563149,3.73998560572768
294,1.58833228041835,1.38995505907979,2.97828733949814
295,2.01106344255503,0.447323945773679,2.45838738832871
296,1.54724279582525,0.757225607815585,2.30446840364084
297,1.46680555618497,0.903422808144103,2.37022836432907
298,2.0800609378483,0.181294602163047,2.26135554001135
299,1.92116973557031,1.42629106463454,3.34746080020485
300,1.03068643732295,2.40528217809182,3.43596861541477
301,1.94283795423533,0.52395579093567,2.466793745171
302,0.931682941543202,1.75784475218361,2.68952769372681
303,0.942121568343645,1.63621252216609,2.57833409050974
304,1.42131672328248,21.4815924941287,22.9029092174112
305,0.822928358116067,1.7048298327219,2.52775819083797
306,1.14597786146091,0.784502132223963,1.93047999368487
307,2.04235915543578,0.970310090812055,3.01266924624783
308,0.908093519167056,0.903084558333304,1.81117807750036
309,1.00212480557725,0.771831151009121,1.77395595658637
310,1.40048710080194,0.57179697742026,1.9722840782222
311,1.54701969060409,1.26168579504249,2.80870548564659
312,1.81608823990538,0.193766250076727,2.00985448998211
313,1.83367919755143,2.70825673857898,4.54193593613041
314,1.1880857506574,0.422891952029505,1.61097770268691
315,0.826784220078742,0.290210950426803,1.11699517050554
316,1.37631667541456,1.60798340175561,2.98430007717017
317,0.78218522787291,0.241354229999514,1.02353945787242
318,1.35806250608744,2.37301369594008,3.73107620202752
319,1.56454651051626,0.497115393324128,2.06166190384039
320,2.13280660891106,2.67954225358816,4.81234886249922
321,2.5124740230122,1.17469236721743,3.68716639022963
322,2.27884850512304,0.585584957203338,2.86443346232638
323,2.46222526287648,1.52418461500446,3.98640987788094
324,1.64003931167673,5.62903635210524,7.26907566378197
325,1.09489174299315,1.85225746704786,2.94714921004101
326,1.05604434841431,0.779074130952259,1.83511847936657
327,2.98738101614897,1.84363356082892,4.83101457697789
328,1.92692076489183,3.59682155815413,5.52374232304596
329,1.81256632827284,1.38754840209173,3.20011473036457
330,1.67802754779012,0.370948663465545,2.04897621125566
331,2.44272323391745,1.38782105113342,3.83054428505087
332,0.842528517552171,3.9150001759477,4.75752869349987
333,0.727561542290611,0.90972136053299,1.6372829028236
334,7.97721585642845,0.932353398193907,8.90956925462236
335,1.23110858153045,0.366435395539936,1.59754397707039
336,1.54592909698549,2.05945694585632,3.60538604284181
337,1.2650614473865,2.11612472666177,3.38118617404827
338,1.35397612511153,3.14800002497477,4.5019761500863
339,1.85255478824383,1.27380561102396,3.12636039926779
340,1.45278058323489,0.574442966580157,2.02722354981505
341,1.43899951394898,3.35544386135803,4.794443375307
342,0.665848316005866,1.16296996242599,1.82881827843186
343,2.00326274097454,0.601638491990209,2.60490123296475
344,3.25743913233685,2.29724350021249,5.55468263254934
345,0.498277286209264,1.5976888604601,2.09596614666937
346,2.31659720853933,2.88681482095044,5.20341202948976
347,0.684019654189238,1.36837585936792,2.05239551355716
348,3.48449996656682,0.654893072989051,4.13939303955588
349,1.91938279561396,3.42051883474518,5.33990163035913
350,1.36595029227166,6.3284789795249,7.69442927179656
351,0.633738812500709,5.99016118208289,6.6238999945836
352,1.20001918491936,2.70976800515784,3.9097871900772
353,1.55722633974146,0.732770284858555,2.28999662460002
354,1.22084190787173,0.439488037698313,1.66032994557004
355,2.37011156829927,3.65110670946494,6.02121827776421
356,1.85622696587091,0.554884142503549,2.41111110837446
357,2.36127657522118,0.953346714587338,3.31462328980852
358,2.96976710449468,2.84615322009987,5.81592032459455
359,1.34398054860896,0.531962772991368,1.87594332160033
360,0.938772176283711,1.67772425122104,2.61649642750475
361,1.14039344751945,0.65598724125356,1.79638068877301
362,1.75696783241985,1.07704848504348,2.83401631746332
363,2.10224602845927,1.59294647350363,3.69519250196289
364,0.805422792347643,1.27936283356657,2.08478562591422
365,0.65729025104076,10.0149130100517,10.6722032610925
366,2.03256273597245,0.178814531484739,2.21137726745719
367,1.38679659213356,0.480243846321483,1.86704043845504
368,0.740530023491673,1.37378578084702,2.1143158043387
369,1.8979997999345,0.449703892815115,2.34770369274962
370,0.734224244212209,0.928001172903081,1.66222541711529
371,1.36590312761463,0.865938725501981,2.23184185311661
372,2.54046752104085,3.00595209528662,5.54641961632747
373,1.23582379483059,1.17493755826813,2.41076135309872
374,2.56974861138813,0.480201127013194,3.04994973840133
375,1.19777500460445,3.59692774336686,4.79470274797131
376,1.19274963810251,1.26773074890684,2.46048038700934
377,1.49296188404359,0.783771638936257,2.27673352297985
378,0.909750552233646,0.242123079049598,1.15187363128324
379,0.810726805206305,0.179843302069336,0.99057010727564
380,0.548496428363034,6.95937663809258,7.50787306645561
381,1.89496653566556,3.50950863977046,5.40447517543602
382,2.02550955612795,0.589570070988932,2.61507962711688
383,0.699590085886119,0.412107149812021,1.11169723569814
384,0.853600628585914,2.23963367215533,3.09323430074124
385,1.80548688228811,0.507769299341791,2.31325618162991
386,1.07680257964661,0.470598982002969,1.54740156164958
387,1.10920512607532,2.69482417112136,3.80402929719667
388,0.872261944762198,0.33330301145609,1.20556495621829
389,0.930861703870325,0.682822226197518,1.61368393006784
390,0.917405430866724,1.35969368653099,2.27709911739771
391,1.2359905144247,0.410524760202645,1.64651527462734
392,1.20901026025652,2.43042592505914,3.63943618531566
393,1.20474352310327,1.13356792924176,2.33831145234503
394,1.57885590520733,2.31807622868989,3.89693213389723
395,0.923311356808298,0.339933731163238,1.26324508797154
396,2.39174165160096,0.760297284460439,3.1520389360614
397,1.47768257761589,2.56432963807773,4.04201221569362
398,3.08570284006877,0.56869576132289,3.65439860139166
399,2.0123876131601,2.31755800860699,4.32994562176709
400,1.52075583377682,0.270940872734763,1.79169670651158
401,1.60639613392666,1.03295188183077,2.63934801575743
402,3.08889530659018,0.723564502149115,3.81245980873929
403,1.43518345009914,0.621628454043006,2.05681190414214
404,0.759673974107186,1.72716312555997,2.48683709966716
405,1.73435745305069,3.72507067273592,5.4594281257866
406,1.46208544466737,1.80076744245884,3.26285288712621
407,1.35073531577368,1.85020752213887,3.20094283791255
408,1.89107957502427,0.877085328460788,2.76816490348506
409,1.03326078745563,1.92567552815915,2.95893631561478
410,1.16156465275313,0.767483292283263,1.92904794503639
411,0.973857881764943,0.670782872716558,1.6446407544815
412,1.64247791303146,4.4085201762537,6.05099808928516
413,0.696335878546496,0.81341041387279,1.50974629241929
414,0.422576384526247,6.36358097125741,6.78615735578366
415,1.10237928158141,0.853419266254584,1.95579854783599
416,1.39105233644992,1.08400305719768,2.4750553936476
417,3.00445114849568,3.27098224589156,6.27543339438724
418,1.34184009319498,0.659935492751041,2.00177558594602
419,2.0963805210846,1.43153897046598,3.52791949155058
420,1.20120813625022,5.98342228738221,7.18463042363243
421,0.890486627550229,0.654128215886007,1.54461484343624
422,1.94345523927758,3.30489581774666,5.24835105702424
423,1.4977226608974,0.647681680818508,2.14540434171591
424,0.650298947360257,0.423701141434,1.07400008879426
425,1.15540584422616,0.777318523273064,1.93272436749922
426,1.45331217982134,1.22301690549737,2.67632908531872
427,1.04133839944474,0.334110021365284,1.37544842081003
428,0.884953320170202,0.382677717399985,1.26763103757019
429,1.84505006000945,0.217005035917445,2.0620550959269
430,1.70290231440801,1.89386780182077,3.59677011622878
431,2.09129192971061,1.78924473609172,3.88053666580233
432,1.42723828390812,0.838744949829352,2.26598323373747
433,0.515964783040728,0.821639034074042,1.33760381711477
434,1.76240463262482,0.773436879968456,2.53584151259328
435,1.30298100355166,1.21343026941549,2.51641127296715
436,0.990183931337646,5.16834267233128,6.15852660366893
437,1.11928821312488,0.66437894871811,1.78366716184299
438,0.898448910834003,0.403504742423786,1.30195365325779
439,0.826419040044233,0.73701823533446,1.56343727537869
440,1.33095492494409,2.02536824782037,3.35632317276446
441,2.13823478549888,0.612510434762778,2.75074522026166
442,1.55357598208574,0.412783065782385,1.96635904786813
443,1.4586720670788,0.929025303731069,2.38769737080986
444,0.856251214856553,1.06453642829402,1.92078764315058
445,1.95403769887041,1.8018831410237,3.7559208398941
446,0.895582754615574,0.489974847389906,1.38555760200548
447,1.00604916011623,1.21352772611293,2.21957688622916
448,2.88153468591746,0.435622435263819,3.31715712118128
449,0.806250628347055,0.401507789013041,1.2077584173601
450,0.869210931536248,0.835322665735363,1.70453359727161
451,1.66921660373552,6.33561410769842,8.00483071143394
452,0.991282356257623,0.722294690552839,1.71357704681046
453,1.31990863182745,1.18570609186904,2.50561472369649
454,1.52488178814095,0.80394896369784,2.32883075183879
455,1.88334099584459,8.3633071689954,10.24664816484
456,2.41940978337195,4.41393213353558,6.83334191690753
457,1.95289947417273,1.28640887724803,3.23930835142076
458,2.99314007482538,2.91641294306749,5.90955301789287
459,0.910085976318884,0.379165961496335,1.28925193781522
460,1.82653017423869,0.45281568988295,2.27934586412164
461,2.59799178942398,2.71464356094049,5.31263535036447
462,1.32001393072833,0.650650722111844,1.97066465284018
463,0.794023014719426,0.644858693658808,1.43888170837823
464,2.53924110272235,2.76791606928688,5.30715717200923
465,1.76599430644534,0.315550826983693,2.08154513342903
466,2.32453796325561,0.923204389234125,3.24774235248974
467,0.497833889335274,0.80003925048636,1.29787313982163
468,2.56641746711904,7.40858472069282,9.97500218781186
469,1.87003101152125,0.41626213430936,2.28629314583061
470,2.02561474661659,0.471264048870581,2.49687879548717
471,1.58093124498826,2.82121622871841,4.40214747370667
472,0.84490976928071,0.436722369027557,1.28163213830827
473,1.27874077666348,0.349709303151594,1.62845007981507
474,1.52132095136034,1.06981374851187,2.59113469987221
475,2.48069954655292,1.16188334483395,3.64258289138687
476,2.69893260601019,1.98398581508489,4.68291842109508
477,1.12158453605301,1.08755950947813,2.20914404553114
478,1.20426874922005,0.278848397155107,1.48311714637516
479,0.585143228129782,0.168188720344903,0.753331948474685
480,3.63373058889531,0.46523055391621,4.09896114281152
481,2.53600824910314,0.276211948548934,2.81222019765207
482,0.568128645347683,0.593353713345713,1.1614823586934
483,1.47286251717469,0.361922056507925,1.83478457368262
484,1.57239782406655,0.242323225883401,1.81472104994995
485,1.24529122186037,1.34013222989061,2.58542345175098
486,1.77939078248123,3.62167206876717,5.4010628512484
487,3.79777904593263,0.801845823581453,4.59962486951409
488,4.28125755294384,4.25246055957762,8.53371811252146
489,0.593960331770404,0.39185944222614,0.985819773996544
490,1.09324989582704,0.660875421416993,1.75412531724403
491,2.76782823614592,2.12443740439497,4.89226564054089
492,1.48232761089034,0.876446203420161,2.3587738143105
493,1.19342362959542,0.202547284927026,1.39597091452244
494,1.11567267916248,0.462417853851801,1.57809053301428
495,1.90616042622788,2.45247405112143,4.35863447734931
496,1.73620409355191,1.55491804151717,3.29112213506907
497,2.48453341505569,0.816174856805304,3.30070827186099
498,0.771002461902542,0.300691305357844,1.07169376726039
499,1.50096177120711,0.580935638211155,2.08189740941826
500,0.981018581201434,1.77768024615206,2.7586988273535
501,1.38634099247469,0.0247242753168955,1.41106526779159
502,1.60744581294127,0.388751841387116,1.99619765432839
503,1.39925441996228,0.822266172545207,2.22152059250749
504,1.1183846016272,1.49474463527158,2.61312923689879
505,2.46079072880547,1.81144768596305,4.27223841476852
506,1.73811572510703,1.93824366552656,3.67635939063359
507,1.169089377566,0.301913634316041,1.47100301188204
508,1.9377758027334,1.03011124577819,2.96788704851159
509,2.33077756938534,1.24442758183515,3.57520515122049
510,1.59363074635605,0.523302634330936,2.11693338068699
511,0.725315756754154,0.119873608280377,0.845189365034531
512,1.0304042991408,2.46197496095232,3.49237926009312
513,1.80623399344152,0.471891714823641,2.27812570826516
514,1.15143039688464,0.559807963637181,1.71123836052182
515,4.79519536024259,0.640003299302842,5.43519865954543
516,1.72168197640791,0.905708953264974,2.62739092967288
517,1.93969630827382,3.24364323621844,5.18333954449226
518,1.17776671515278,4.06559065188534,5.24335736703813
519,0.758694023644568,3.34891429110257,4.10760831474714
520,2.92480132352836,0.205424011368892,3.13022533489725
521,2.87851313600115,2.36648567950823,5.24499881550939
522,1.52923857683715,7.06497787656616,8.59421645340331
523,1.59957374395314,0.3002096450707,1.89978338902384
524,0.946693250522567,3.41943027012637,4.36612352064894
525,0.558330078305385,1.73435169908742,2.2926817773928
526,0.672807095666118,0.698600506794699,1.37140760246082
527,1.11992078764792,0.250810743444105,1.37073153109203
528,0.971515562154603,0.33039824217447,1.30191380432907
529,2.04499929642387,1.0214693608259,3.06646865724977
530,0.512013678427093,1.51880411149424,2.03081778992133
531,2.5059920165637,1.22238088897429,3.72837290553799
532,0.834268915158624,3.77464075224677,4.6089096674054
533,1.3403669902272,0.269525872212635,1.60989286243984
534,1.307074883688,0.176853335689251,1.48392821937725
535,5.29256881355628,0.647405875523335,5.93997468907962
536,1.01960327862215,0.752188886379963,1.77179216500211
537,0.991382706549285,1.63843715517966,2.62981986172895
538,1.71878460779888,1.47131042774206,3.19009503554094
539,0.781361894422556,26.4705765189145,27.2519384133371
540,1.36793012751262,3.42442640034873,4.79235652786136
541,0.811796143153875,0.159021423881012,0.970817567034888
542,2.10979560169337,0.5773546168547,2.68715021854807
543,3.74826705408388,0.0979397678803033,3.84620682196419
544,1.27167355581628,0.961990512733596,2.23366406854987
545,1.08925436642134,0.361927354567942,1.45118172098929
546,2.63022757258394,0.412305096052078,3.04253266863602
547,1.32894639391157,1.6381438811301,2.96709027504167
548,1.59734421890631,0.667934315586916,2.26527853449322
549,1.39754955733027,0.671506920863391,2.06905647819366
550,2.41871531557824,0.0842444600577228,2.50295977563596
551,1.1904501640675,0.212679383273381,1.40312954734088
552,2.2450401967803,0.188242894571729,2.43328309135203
553,1.28204646917965,11.1351218288946,12.4171682980742
554,2.31910668760514,1.61366252283665,3.93276921044179
555,0.615498493168987,1.43362649402589,2.04912498719488
556,1.9786953106916,1.06647911388831,3.04517442457991
557,1.7192778943255,1.64253677767785,3.36181467200335
558,1.86274311041782,0.285598258306941,2.14834136872476
559,0.635537054716804,1.42439047480354,2.05992752952034
560,1.76669416849266,2.89386187258227,4.66055604107493
561,0.583310130219122,1.19491571456444,1.77822584478356
562,1.86299226602315,0.584037193919725,2.44702945994288
563,1.41208741797136,0.427202320066997,1.83928973803835
564,1.30901459914839,0.712839926679023,2.02185452582742
565,1.02470159814439,2.48626624604658,3.51096784419097
566,3.13687233312157,4.91232496923801,8.04919730235958
567,0.980786030006838,0.396299853768025,1.37708588377486
568,1.52954582930311,0.649781252601524,2.17932708190463
569,2.35144247316202,3.77690383967388,6.1283463128359
570,1.36896037777708,0.56702276802472,1.9359831458018
571,5.0909443404896,2.1472248221837,7.2381691626733
572,0.924336300234443,3.29600670031284,4.22034300054728
573,1.47019081297827,0.59745981915284,2.06765063213111
574,1.50047764669216,1.46230786774104,2.96278551443319
575,3.75103568918345,0.163129002409259,3.91416469159271
576,2.57470382261244,1.36938127615136,3.9440850987638
577,1.43374078584672,1.86340775132841,3.29714853717513
578,2.40299697012171,2.71989411260327,5.12289108272498
579,3.05655513007406,0.250412932235757,3.30696806230981
580,2.15371800597792,0.90339014780342,3.05710815378134
581,1.59481921266872,1.72725771686276,3.32207692953148
582,2.04878944463556,1.81222750654372,3.86101695117929
583,1.62783507032357,0.608287260347674,2.23612233067124
584,3.93397960884756,3.80985234383081,7.74383195267836
585,1.54137114430933,0.348696358808887,1.89006750311821
586,1.21465719691037,0.387845671897605,1.60250286880797
587,1.01130762082653,0.763114821383408,1.77442244220994
588,2.01903169475257,2.81408587096283,4.8331175657154
589,1.21301205641164,2.2099458107767,3.42295786718834
590,1.55028422988532,0.271914121849762,1.82219835173508
591,0.8776254364587,0.7047856862222,1.5824111226809
592,1.77440269353501,0.78224211918016,2.55664481271516
593,2.48192731700468,0.466697657606146,2.94862497461083
594,2.33072717908485,2.5002938375963,4.83102101668115
595,0.582511772479309,1.02557792043244,1.60808969291175
596,1.50870335929669,1.49719393736823,3.00589729666492
597,1.83464906354118,1.34670541193607,3.18135447547725
598,0.813353015741695,0.183537314952211,0.996890330693906
599,1.05186237428533,1.90877127148322,2.96063364576854
600,1.00645261330344,0.361108168477812,1.36756078178126
601,1.07144353152695,0.143780022966006,1.21522355449295
602,1.00666225171293,0.448951039738288,1.45561329145122
603,1.22771671640465,1.88293969037298,3.11065640677763
604,2.26805832829643,0.408903807998319,2.67696213629475
605,2.69285673465117,0.951144746874815,3.64400148152598
606,2.87570346097558,0.722556876187497,3.59826033716308
607,2.25618932493458,0.13084665055182,2.3870359754864
608,2.47060371457707,0.795994746056093,3.26659846063316
609,1.92310615250112,0.18506318951856,2.10816934201968
610,2.04322652625383,0.566764783796343,2.60999131005018
611,1.72557407664659,0.866649081139812,2.5922231577864
612,2.40637108689723,0.890918023163314,3.29728911006054
613,2.17533780280676,0.912126950376519,3.08746475318328
614,2.58693006862401,2.24236613676977,4.82929620539378
615,1.61268426341685,1.61105013011736,3.22373439353421
616,0.78392462788666,0.427865107094883,1.21178973498154
617,0.87895690205104,2.18954531363824,3.06850221568928
618,2.06321752135234,1.36691418728586,3.4301317086382
619,1.25107240044452,0.285980120687032,1.53705252113155
620,3.40005842172992,0.476301287057579,3.8763597087875
621,3.65677345727745,0.63240173828401,4.28917519556146
622,1.07736778762406,4.57626689656347,5.65363468418752
623,3.1227749890715,1.16666889152646,4.28944388059796
624,0.587715561444785,2.04238327137413,2.63009883281891
625,1.73614675764292,4.86227950525047,6.59842626289339
626,1.17994860196813,3.36353585367049,4.54348445563862
627,1.82599505225089,0.878873046685237,2.70486809893613
628,2.16531317485077,0.569961246378513,2.73527442122928
629,2.17431216092165,0.671196951466238,2.84550911238789
630,0.650106255940709,0.380392353231565,1.03049860917227
631,0.88564546293524,0.783345624189254,1.66899108712449
632,0.858361555433923,0.844092954205006,1.70245450963893
633,1.70185809490137,1.93547527204212,3.6373333669435
634,3.1244225281401,0.443831324077434,3.56825385221753
635,2.12381629455872,1.40131284279401,3.52512913735273
636,1.10527897755114,2.39424572305428,3.49952470060543
637,3.91822974382154,0.697052567073366,4.61528231089491
638,1.11578156677709,0.823257994390562,1.93903956116765
639,1.43286242764993,1.89366028104983,3.32652270869975
640,1.95320559050829,1.22701286493112,3.18021845543942
641,0.900963318954033,2.27334015158681,3.17430347054084
642,0.7954805785116,2.55906605161119,3.35454663012279
643,3.08140560562627,2.12836870334619,5.20977430897246
644,1.17775991227247,1.18276013529591,2.36052004756838
645,1.41351555862751,0.764327607690196,2.1778431663177
646,3.68990151729097,1.95418090250797,5.64408241979893
647,1.08870174363678,0.316237051688143,1.40493879532492
648,7.85988975502349,1.73558538925572,9.5954751442792
649,1.78259578547424,0.408746255235446,2.19134204070968
650,0.335380777706815,0.405705075606706,0.741085853313521
651,1.04522753662748,0.277838929939427,1.3230664665669
652,1.84704787761298,0.46430569772752,2.3113535753405
653,0.868491220267802,2.3786423370035,3.2471335572713
654,0.993204166507124,0.407825074004168,1.40102924051129
655,2.81133787468022,2.5910960158775,5.40243389055772
656,2.41404284120952,0.969992412395638,3.38403525360516
657,1.97386344224922,0.305343627479126,2.27920706972834
658,1.69992163519289,0.640600990933172,2.34052262612607
659,3.43570698309843,2.37781277294907,5.8135197560475
660,1.58512661190708,6.4387069567381,8.02383356864518
661,1.39109850235478,1.17923974212884,2.57033824448363
662,1.84850176342981,1.76305323651122,3.61155499994104
663,1.9646325868986,1.32344309453353,3.28807568143213
664,0.854382507457513,0.26045778354802,1.11484029100553
665,2.18428717741013,0.9512761084259,3.13556328583603
666,0.649734210087146,1.58720407831744,2.23693828840458
667,1.22596441981979,2.92437385438505,4.15033827420484
668,2.00708056249488,0.879178244313009,2.88625880680789
669,0.605624510742349,0.914864365027907,1.52048887577026
670,1.03590622051256,0.168852635309205,1.20475885582176
671,3.60328859084908,0.383039219313544,3.98632781016263
672,0.461256163556484,2.30297064322461,2.7642268067811
673,1.48611832750635,10.2295482806022,11.7156666081085
674,1.0172140556132,2.7087252464525,3.7259393020657
675,2.12995693261921,0.398096103725802,2.52805303634501
676,1.57280896914843,1.69588607306762,3.26869504221605
677,0.963439061555492,0.424554762495596,1.38799382405109
678,1.80926414810234,0.675642247080273,2.48490639518262
679,1.08066091805415,2.65479184582299,3.73545276387714
680,1.26624846391293,1.07404891379506,2.34029737770799
681,0.9352786176809,0.134530987903552,1.06980960558445
682,2.66118108865182,1.0773226856469,3.73850377429872
683,1.44364777242721,0.590287348943271,2.03393512137048
684,1.30493913257385,0.195769594144106,1.50070872671796
685,1.52633366085158,1.77723161731535,3.30356527816693
686,1.06885794800202,1.10316189870962,2.17201984671164
687,3.5821483100765,1.99148757079373,5.57363588087023
688,2.98525308336479,0.889778951127999,3.87503203449279
689,3.78737073185213,4.64097063784193,8.42834136969407
690,1.68391055807024,0.53229975738534,2.21621031545558
691,1.68027385394339,1.43633749618785,3.11661135013123
692,1.10718937309141,1.25226094342203,2.35945031651344
693,2.42718359349431,0.70167907491228,3.1288626684066
694,1.22789740434559,0.276931249326972,1.50482865367256
695,0.991720463307564,0.106701935863307,1.09842239917087
696,1.34384731416569,0.241470889946084,1.58531820411178
697,1.01169604508417,0.175390045302937,1.18708609038711
698,1.11643025194994,1.70209408548151,2.81852433743145
699,0.768912692684413,2.21300045763835,2.98191315032276
700,1.13665329493955,3.99558371923347,5.13223701417302
701,2.104921590095,2.27740361151388,4.38232520160888
702,0.697622811972489,7.29737392757898,7.99499673955146
703,1.1201227556221,2.85378279274191,3.97390554836401
704,2.42715458780873,2.26025065325285,4.68740524106158
705,1.77430688780337,0.514953652222186,2.28926054002555
706,1.242803032914,1.78200080996293,3.02480384287693
707,1.47467384592231,0.241179165068088,1.71585301099039
708,2.19218430799097,0.604361200815502,2.79654550880648
709,0.584820703751564,0.895519210315754,1.48033991406732
710,3.38473072598643,0.465704712670044,3.85043543865647
711,1.15452007029995,0.455759096972321,1.61027916727228
712,2.11030614825196,0.358024980933144,2.4683311291851
713,1.93531193390581,0.209864523699466,2.14517645760528
714,2.99135279053556,1.03115703368756,4.02250982422312
715,1.01160899610902,2.36082884210783,3.37243783821685
716,1.39518531196681,2.3668102286971,3.76199554066391
717,1.25267393938465,1.33179128394676,2.58446522333141
718,1.37004334077426,0.748381379095575,2.11842471986983
719,3.83988798579005,1.44786794914321,5.28775593493326
720,2.64201798336561,0.243271855976838,2.88528983934245
721,0.999229483748667,0.383563015360451,1.38279249910912
722,2.18523199134101,1.20092144072496,3.38615343206597
723,0.888401001630373,0.665802092549265,1.55420309417964
724,1.02074894666301,2.0349816002486,3.0557305469116
725,0.82445250290011,4.88699171818813,5.71144422108824
726,0.471743531894824,2.49873564988807,2.97047918178289
727,0.855613968436267,0.623998825756565,1.47961279419283
728,2.35520371143821,1.67478873447484,4.02999244591305
729,1.74126024009866,1.59587098020571,3.33713122030437
730,1.50401076869018,0.514977953539125,2.0189887222293
731,1.93110320195837,0.923408605797189,2.85451180775556
732,0.873126855799418,1.86491548958148,2.7380423453809
733,4.17731638862585,1.61859869594165,5.7959150845675
734,1.7562099012841,1.18021864695375,2.93642854823785
735,2.09004445752533,0.243291903951277,2.33333636147661
736,3.22579965590001,2.01084880165078,5.23664845755079
737,2.38138695208265,10.1307436872334,12.5121306393161
738,1.17733556453323,0.828700218066184,2.00603578259941
739,1.20583981783531,1.56134681500156,2.76718663283687
740,1.38153085997948,0.227662714105531,1.60919357408501
741,1.57709373625272,0.286702202506491,1.86379593875921
742,2.12940906528088,5.31316343608751,7.4425725013684
743,1.65969883514924,3.44019309182159,5.09989192697083
744,0.668081547858892,0.27038952699625,0.938471074855142
745,1.02216847776565,0.117970536311378,1.14013901407702
746,3.15423467632335,0.356834215153255,3.5110688914766
747,0.968908317009672,2.69209902801614,3.66100734502581
748,0.823176551129778,3.22186669312747,4.04504324425725
749,1.82984913355746,1.40090803363085,3.23075716718831
750,2.49385867340379,0.147636295298107,2.6414949687019
751,1.75709449601,0.239473464944247,1.99656796095424
752,0.869959866968842,0.627154671457836,1.49711453842668
753,2.93798843759962,0.859504520070955,3.79749295767058
754,0.887723724147758,0.655386500043919,1.54311022419168
755,1.53394011756951,0.309082262353078,1.84302237992259
756,0.497996767447242,0.541998478784527,1.03999524623177
757,2.77015458376424,2.06912287417667,4.8392774579409
758,2.09700874399732,0.508461928059713,2.60547067205703
759,0.634977696310349,1.83280053641763,2.46777823272798
760,2.61073018017338,0.777732326628212,3.38846250680159
761,1.8219521117572,3.04542853921936,4.86738065097656
762,2.66051484985154,2.54899108423061,5.20950593408216
763,1.02301208556338,1.80716863724881,2.83018072281219
764,1.15648173090804,1.14114036919688,2.29762210010492
765,2.728493503026,9.61352646007914,12.3420199631051
766,0.856743115386457,1.52550195767034,2.38224507305679
767,1.41806281494422,2.24590741688778,3.663970231832
768,2.23171312365072,0.440267373879434,2.67198049753016
769,4.87593588392727,0.474574034701488,5.35050991862875
770,1.00076839721667,0.743645114877297,1.74441351209397
771,1.67776184593817,1.14903377389261,2.82679561983079
772,1.54059938831985,0.397266942262363,1.93786633058221
773,1.67752281179887,0.64367764630168,2.32120045810055
774,1.06327828425531,1.0342294792602,2.09750776351551
775,2.10004948886234,0.82782978875519,2.92787927761754
776,0.543353753139304,3.20987466283258,3.75322841597188
777,0.794568855029975,3.68945948632048,4.48402834135046
778,2.68581085813987,1.1218952574363,3.80770611557617
779,1.1697960924813,0.966536850560602,2.1363329430419
780,1.96025989270537,1.60023231769704,3.56049221040241
781,1.71038088682216,0.22813492512879,1.93851581195095
782,2.419235446646,0.94656340081203,3.36579884745803
783,1.73345779021558,0.171652909672032,1.90511069988761
784,1.07087901320119,0.689987631683745,1.76086664488494
785,0.950137566688479,0.40470098086736,1.35483854755584
786,1.48147941286458,3.80700008348433,5.28847949634891
787,0.669947038650887,1.06443830133046,1.73438533998135
788,1.32687730303631,0.791132826706885,2.1180101297432
789,2.87864082738505,0.378718169136771,3.25735899652182
790,1.29455111203324,0.601210244811366,1.89576135684461
791,1.12286019897004,0.954050218591821,2.07691041756186
792,0.533730250594419,1.79309958335918,2.3268298339536
793,1.06288339476708,0.890230981458117,1.9531143762252
794,2.01949853158026,1.14260588772218,3.16210441930244
795,0.686297015116765,0.133173245525295,0.81947026064206
796,1.63352669551764,0.0995485447915048,1.73307524030914
797,0.666483010134347,0.653532102520722,1.32001511265507
798,1.91352177781081,0.483326363586258,2.39684814139706
799,0.860423494079967,0.392432225490988,1.25285571957096
800,1.5113982420573,0.245959578545715,1.75735782060301
801,1.55993203704606,1.86358241173982,3.42351444878588
802,1.41786923935228,2.02933056267891,3.4471998020312
803,2.65592869400793,1.75152139194969,4.40745008595762
804,1.15130245648628,0.980196772921056,2.13149922940733
805,1.71697944527759,5.21235529749456,6.92933474277215
806,1.22167680112898,0.63764547190882,1.8593222730378
807,0.562505927943961,5.07093448637254,5.6334404143165
808,1.88629556393143,1.6388490073755,3.52514457130693
809,2.10035807188642,0.138898034132415,2.23925610601883
810,4.49643887711405,4.25012975852579,8.74656863563984
811,5.18781885165261,0.296649423730455,5.48446827538306
812,0.644864061033005,0.559266963618901,1.20413102465191
813,2.87120286970081,1.02904585605504,3.90024872575584
814,1.63119423741479,1.06222051321523,2.69341475063002
815,3.57122866849091,1.26016504810862,4.83139371659953
816,2.63890780978991,0.554494274057362,3.19340208384727
817,2.19471337828347,2.61677341219489,4.81148679047836
818,2.31978427303073,1.44216069428414,3.76194496731488
819,0.776456016094352,0.351917893825534,1.12837390991989
820,1.22178202667341,4.83128886141673,6.05307088809014
821,1.18846387723505,0.211215766152073,1.39967964338712
822,2.41193736516836,1.75039557343029,4.16233293859864
823,7.22924038847087,2.47593659547178,9.70517698394265
824,3.28038913195965,1.54804303217754,4.82843216413719
825,2.25967763580147,0.778813883613201,3.03849151941468
826,1.38344724214808,0.954610893439427,2.3380581355875
827,1.0079814710338,1.35643516202848,2.36441663306228
828,1.50690502804688,0.416073071278964,1.92297809932584
829,0.606708072249645,0.713017244577939,1.31972531682758
830,2.05850292680121,1.06529029580199,3.1237932226032
831,1.84645745724989,5.51157923851876,7.35803669576865
832,0.935320282184295,0.639978877235379,1.57529915941967
833,0.703422743058407,0.971360677019662,1.67478342007807
834,2.19552527970181,1.06786089539283,3.26338617509464
835,0.927842247249299,1.42497204288132,2.35281429013062
836,0.484728297301497,1.02440144017434,1.50912973747583
837,2.99003120655383,0.668302153362162,3.65833335991599
838,2.56949505381666,0.148981706690776,2.71847676050743
839,1.44763052157398,0.740949657489018,2.188580179063
840,1.11295528331022,2.04950544667073,3.16246072998095
841,0.890285923090175,0.338053342573704,1.22833926566388
842,0.89252635797947,4.6969771577072,5.58950351568667
843,3.42646925244046,0.586237786290864,4.01270703873132
844,1.75031814406988,1.71932216421082,3.4696403082807
845,2.43216597364214,2.43551078533685,4.86767675897899
846,2.18002179103126,0.617933122261207,2.79795491329247
847,3.97795080446298,0.565960283042628,4.5439110875056
848,1.83455399026119,1.14549432276505,2.98004831302625
849,1.16465564271008,2.33701968358351,3.50167532629359
850,3.053568615919,1.42805383958123,4.48162245550022
851,1.0293821516837,0.22156206175569,1.25094421343939
852,1.99125826377555,4.20285926600791,6.19411752978346
853,1.72448477200038,1.59675123898959,3.32123601098997
854,2.97369585089451,0.177513626295364,3.15120947718987
855,1.75720787542086,0.806897489085225,2.56410536450608
856,1.0384881555059,6.94441520223963,7.98290335774553
857,1.52599814714199,6.43115730559484,7.95715545273683
858,1.0765400841771,0.350227039210834,1.42676712338794
859,0.851057821718988,0.48405133810796,1.33510915982695
860,3.24284531339611,1.65196474846755,4.89481006186367
861,0.794401809713695,0.45487055403425,1.24927236374794
862,1.61439389676443,0.541832695611046,2.15622659237548
863,1.72722352741278,1.1940258062795,2.92124933369228
864,1.34173771900484,8.2553575262722,9.59709524527704
865,1.06386852165507,1.04840578261772,2.11227430427279
866,1.27377266006917,0.41654214903952,1.69031480910869
867,2.25406370117528,0.824049317251446,3.07811301842673
868,0.606976734783427,0.583801416062697,1.19077815084612
869,0.785836178731273,1.13924371315721,1.92507989188849
870,0.847192354236861,0.809747324915226,1.65693967915209
871,0.32971617610399,1.08060567388082,1.41032184998481
872,1.71333809131444,0.726530058801487,2.43986815011593
873,2.48214143278705,1.12961925933151,3.61176069211856
874,3.93990832149413,0.25132327945887,4.191231600953
875,1.48668801183329,0.495154880774435,1.98184289260773
876,1.39651374868533,0.883690464508435,2.28020421319377
877,1.18155720342683,0.599602306970475,1.78115951039731
878,1.25977931696058,1.51780185925803,2.77758117621861
879,2.0412724201955,0.400630457662061,2.44190287785756
880,2.63111273090426,0.95335075453379,3.58446348543805
881,1.48048211259293,1.01975293255979,2.50023504515272
882,2.05520237930466,0.531029448902826,2.58623182820749
883,0.894184644845674,0.995337454627795,1.88952209947347
884,1.37700732553767,1.01839415082643,2.39540147636411
885,1.09969051583889,0.293063995870015,1.3927545117089
886,1.09407297484987,1.07491078055102,2.16898375540089
887,1.8955531719943,0.0518115100724946,1.94736468206679
888,2.85273073757809,0.392468536446096,3.24519927402419
889,1.3359284678288,17.5265739855408,18.8625024533696
890,1.19607877177912,1.28264941634739,2.47872818812651
891,1.8258883337988,0.133087565679028,1.95897589947783
892,1.98946347080373,0.420928993423478,2.41039246422721
893,2.03616352958029,1.54516188548699,3.58132541506729
894,2.5124539197774,0.0873793646813377,2.59983328445874
895,1.45485952372054,3.66005830805905,5.11491783177959
896,1.42837577373274,0.459166392974327,1.88754216670707
897,0.931308047800326,1.16604188085776,2.09734992865808
898,0.51631269479171,13.2204631211017,13.7367758158934
899,1.78406632708252,0.523160983462837,2.30722731054535
900,1.92796915912509,0.269782844264435,2.19775200338952
901,0.883388452111557,1.62635621722229,2.50974466933384
902,1.07998427179408,1.31640928066106,2.39639355245514
903,0.686872585586883,0.32940587233445,1.01627845792133
904,0.69011603480531,0.878768405475374,1.56888444028068
905,1.21499527155931,0.168290523077515,1.38328579463683
906,1.35229142868167,0.0973400033124693,1.44963143199414
907,0.992670343976547,2.38030093266413,3.37297127664068
908,1.03195597603073,1.1382204602568,2.17017643628753
909,3.39495959876062,0.247085105151354,3.64204470391197
910,2.83326732420477,0.144043395308008,2.97731071951278
911,1.56801026086206,3.04035126443102,4.60836152529308
912,1.3965922428851,1.81658371348584,3.21317595637094
913,1.13863723292747,1.02257970205823,2.16121693498571
914,1.93802395343976,0.104059266673502,2.04208322011327
915,0.885625767569601,1.2321281981326,2.1177539657022
916,1.08420784785012,2.1316125771601,3.21582042501022
917,2.30243684586997,0.695695965232647,2.99813281110262
918,1.11427205151517,2.02145671074389,3.13572876225906
919,0.610500082578001,0.377205832306618,0.987705914884618
920,1.22344794212445,0.781299224959723,2.00474716708418
921,1.54274573717694,0.585672027530079,2.12841776470702
922,0.824598472042606,0.197571013128899,1.0221694851715
923,0.989752739507674,0.719675356686876,1.70942809619455
924,1.97167833264765,2.71256408614441,4.68424241879205
925,2.17421346462489,0.4759381138952,2.65015157852009
926,1.72114863581798,0.295398547490664,2.01654718330865
927,2.02909751422946,1.06440297376533,3.09350048799479
928,1.22237225181745,1.70892532257479,2.93129757439224
929,1.71199105702881,0.433738595998853,2.14572965302766
930,1.14411909352614,0.281327110235628,1.42544620376177
931,1.5885748634151,0.900182802303678,2.48875766571878
932,1.08607219145653,0.27979252462961,1.36586471608614
933,1.33086466716868,0.530538595576165,1.86140326274485
934,1.24463522178315,0.850689333106897,2.09532455489004
935,0.848511383929414,0.383526927645597,1.23203831157501
936,1.26691781009397,1.99811314190984,3.26503095200381
937,2.84970836008455,0.216615879548015,3.06632423963256
938,1.25991864746954,0.987615646736679,2.24753429420622
939,1.50361536959403,1.93082877274776,3.43444414234179
940,1.90389214004136,0.587761081730255,2.49165322177161
941,0.571122436361434,5.86258382679993,6.43370626316136
942,1.45057948917931,2.31325472088178,3.76383421006109
943,2.10346906285231,0.833956260402772,2.93742532325509
944,2.51017706596152,0.740142724510391,3.25031979047191
945,1.07719789616165,0.829183525899284,1.90638142206094
946,1.00575470268334,5.88784664650154,6.89360134918488
947,1.63082040822602,1.92477622719571,3.55559663542173
948,0.720827756164121,0.853669433797178,1.5744971899613
949,1.55391702668046,2.75798232063568,4.31189934731614
950,1.33334649506554,0.507387494671547,1.84073398973708
951,1.81885656714788,0.653935426465527,2.47279199361341
952,0.978803863748799,1.46712958541743,2.44593344916623
953,0.720161936280202,1.32159226605135,2.04175420233156
954,1.7277756951877,1.58257962345524,3.31035531864293
955,0.89207837175557,1.10816809052961,2.00024646228518
956,3.93031080465504,0.811697999030372,4.74200880368541
957,2.54043177844836,6.62919382733184,9.16962560578021
958,3.16991684461354,8.6630219525463,11.8329387971598
959,1.01334895664361,2.90444029732382,3.91778925396742
960,3.22198831158213,0.311839364551446,3.53382767613358
961,0.877942469528283,1.3999160482007,2.27785851772898
962,1.33510489685677,0.780321937451361,2.11542683430813
963,0.757195966455185,0.312448921816104,1.06964488827129
964,0.987632329015784,1.96844888231819,2.95608121133397
965,1.42764880604221,1.1904359785138,2.61808478455601
966,0.792535773961309,0.495926231182086,1.28846200514339
967,1.04253762411879,0.580253237813046,1.62279086193184
968,1.73495500631617,1.47693230902662,3.21188731534279
969,1.12707164674601,0.919355142312215,2.04642678905823
970,1.45634224274701,0.85165601491897,2.30799825766598
971,0.967584356560411,0.904377978317564,1.87196233487797
972,1.24158889063996,0.575173469619578,1.81676236025953
973,1.31744348345515,0.72976746963733,2.04721095309248
974,1.14316305962101,1.72461581018617,2.86777886980718
975,1.66837714873197,6.1658993866202,7.83427653535217
976,1.11724202531913,0.932116272009798,2.04935829732893
977,1.72393452066526,0.746974133973338,2.4709086546386
978,1.01761439001553,7.57202299796953,8.58963738798506
979,1.66771774101452,0.296318299672462,1.96403604068698
980,3.75961188295012,5.18698261694573,8.94659449989585
981,1.36536448767373,1.79908718733575,3.16445167500948
982,1.24284828974596,1.13577735956647,2.37862564931243
983,1.73215167721703,0.219452131295479,1.9516038085125
984,1.68335882032004,0.626416341576174,2.30977516189621
985,2.15257962293834,0.632892233090059,2.7854718560284
986,1.23607549667023,1.57544574037341,2.81152123704364
987,1.44811306658683,2.21534249591204,3.66345556249886
988,0.942371185102465,1.85125299745285,2.79362418255531
989,3.36370383984519,0.858833768213744,4.22253760805893
990,0.685484085193454,0.818595651283119,1.50407973647657
991,1.5518853073047,0.336759785574088,1.88864509287879
992,0.930996827823788,0.0828220250996497,1.01381885292344
993,4.33261497205697,2.67473215934771,7.00734713140469
994,0.897502037809627,2.44690792111452,3.34440995892415
995,1.32360442894646,6.75288087926207,8.07648530820853
996,2.01593459246258,0.811006362890135,2.82694095535271
997,3.6955613565831,2.34762891551693,6.04319027210003
998,1.58373914138717,2.54225279802758,4.12599193941474
999,0.823235806913146,3.87931791983665,4.70255372674979
1000,0.546856233452786,0.509899699856815,1.0567559333096
