raw_track_id,track_id
13921,13921
14001,14337
14118,14118
14187,14187
14189,14321
14194,14194
14230,14328
14234,14234
14251,14251
14256,14256
14257,14257
14262,14262
14268,14268
14286,14286
14287,14287
14290,14321
14292,14292
14297,14297
14309,14328
14316,14316
14318,14321
14321,14321
14324,14324
14328,14328
14334,14334
14335,14335
14336,14336
14337,14337
14341,14341
14348,14348
14351,14351
14352,14352
14358,14358
14362,14362
14363,14363
14366,14366
14367,14367
14368,14368
14369,14369
14370,14370
14376,14376
14377,14377
14379,14379
14380,14380
14387,14387
14390,14390
14393,14393
14395,14395
14396,14396
14397,14397
14399,14399
14401,14401
14406,14406
14407,14407
14412,14412
14413,14413
14417,14417
14420,14420
14421,14421
14424,14424
14425,14425
14426,14426
14430,14430
14431,14431
14432,14432
14435,14435
14437,14437
14438,14438
14441,14441
14442,14442
14443,14443
14444,14444
14445,14445
14446,14446
14447,14447
14450,14450
14451,14451
14455,14455
14456,14456
14457,14457
14458,14458
14459,14459
14461,14461
14464,14464
14466,14466
14467,14467
14468,14468
14469,14469
14470,14470
14471,14471
14474,14474
14477,14477
14479,14479
14481,14481
14482,14482
14484,14484
14486,14486
14487,14487
14489,14489
14490,14490
14491,14491
14493,14493
14496,14496
14497,14497
14498,14498
14499,14499
14500,14500
14501,14501
14503,14503
14504,14504
14506,14506
14507,14507
14508,14508
14509,14509
14512,14512
14515,14515
14516,14516
14517,14517
14527,14527
14529,14529
14535,14535
14536,14536
14541,14541
14542,14542
14543,14543
14548,14548
14549,14549
14550,14550
14551,14551
14554,14554
14555,14555
14557,14557
14558,14558
14559,14559
14561,14561
14563,14563
14564,14564
14565,14565
14568,14568
14569,14569
14570,14570
14571,14571
14573,14573
14574,14574
14576,14576
14581,14581
14585,14585
14591,14591
14593,14593
14594,14594
14599,14599
14604,14604
14605,14605
14611,14611
14612,14612
14613,14613
14631,14631
14632,14699
14633,14633
14634,14634
14638,14638
14644,14644
14651,14651
14654,14654
14658,14658
14661,14661
14662,14662
14665,14665
14667,14667
14668,14668
14670,14799
14674,14674
14677,14677
14681,14681
14682,14682
14683,14683
14686,14686
14687,14687
14688,14688
14689,14689
14693,14693
14694,14694
14696,14696
14699,14699
14703,14703
14707,14707
14708,14708
14709,14709
14710,14710
14716,14716
14721,14721
14722,14722
14723,14723
14730,14730
14731,14731
14732,14732
14733,14762
14734,14734
14743,14743
14745,14745
14754,14754
14757,14799
14760,14760
14762,14762
14764,14764
14765,14765
14770,14770
14778,14778
14780,14780
14781,14781
14783,14783
14787,14787
14788,14788
14793,14793
14794,14794
14795,14795
14796,14796
14797,14825
14799,14799
14808,14808
14809,14809
14810,14810
14811,14811
14816,14816
14817,14817
14819,14819
14820,14820
14822,14822
14823,14823
14824,14824
14825,14825
14828,14828
14831,14831
14834,14834
14835,14835
14837,14837
14849,14849
14852,14852
14853,14853
14857,14857
14860,14860
14865,14865
14868,14868
14875,14875
14879,14879
14886,14886
14892,14892
14895,14895
14899,14899
14901,14901
14905,14905
14911,14911
14913,14913
14916,14916
14923,14923
14927,14927
14931,14931
14933,14933
14935,15025
14936,14936
14940,14940
14942,15047
14944,14944
14946,14946
14947,14947
14949,14949
14955,14955
14959,14959
14963,15047
14971,14971
14972,14972
14974,14974
14976,14976
14977,14977
14979,14979
14980,14980
14985,14985
14987,15047
14988,14988
14991,14991
14992,14992
14993,14993
14995,14995
14999,14999
15000,15000
15001,15001
15002,15002
15003,15003
15006,15006
15008,15008
15010,15010
15012,15012
15013,15013
15016,15016
15018,15018
15019,15019
15020,15020
15022,15022
15023,15023
15025,15025
15026,15026
15027,15027
15030,15030
15032,15032
15033,15033
15036,15036
15039,15039
15042,15042
15043,15043
15045,15045
15046,15046
15047,15047
15048,15048
15049,15049
15050,15050
15051,15051
15052,15052
15053,15053
15055,15055
15057,15057
15058,15058
15060,15060
15061,15061
15062,15062
15064,15064
15065,15065
15066,15066
15072,15072
15077,15077
15082,15082
15083,15083
15084,15084
15085,15085
15086,15176
15093,15093
15096,15096
15097,15097
15098,15098
15099,15099
15101,15101
15105,15105
15115,15115
15116,15116
15120,15120
15124,15124
15126,15875
15127,15127
15130,15153
15135,15135
15142,15142
15145,15145
15146,15146
15151,15151
15153,15153
15155,15155
15156,15156
15163,15163
15166,15166
15176,15176
15178,15178
15180,15180
15184,15184
15194,15194
15196,15196
15197,15197
15201,15201
15205,15205
15208,15208
15209,15209
15214,15214
15215,15215
15218,15218
15220,15220
15231,15231
15236,15236
15244,15244
15246,15246
15253,15253
15266,15266
15269,15269
15270,15270
15272,15875
15273,15273
15281,15281
15291,15291
15292,15292
15295,15295
15296,15296
15298,15298
15303,15303
15304,15304
15307,15307
15309,15309
15310,15310
15312,15312
15314,15389
15327,15327
15335,15875
15336,15336
15345,15345
15346,15346
15350,15350
15353,15353
15354,15354
15374,15374
15379,15379
15380,15380
15383,15383
15386,15815
15387,15387
15389,15389
15398,15398
15403,15403
15405,15405
15406,15406
15407,15407
15409,15409
15414,15414
15418,15418
15420,15420
15424,15424
15428,15428
15443,15443
15444,15444
15464,15464
15465,15465
15476,15588
15484,15484
15487,15487
15492,15492
15496,15496
15503,15503
15504,15504
15505,15505
15516,15516
15519,15519
15524,15541
15528,15528
15541,15541
15557,15557
15565,15565
15567,15567
15573,15573
15580,15580
15582,15582
15588,15588
15601,15601
15612,15612
15621,15621
15627,15627
15643,15755
15645,15645
15657,15657
15666,15666
15668,15668
15675,15675
15678,15831
15694,15694
15696,15755
15703,15703
15704,15704
15705,15705
15707,15707
15709,15709
15711,15711
15723,15723
15729,15815
15735,15735
15737,15737
15738,15738
15755,15755
15759,15759
15760,15760
15762,15762
15769,15769
15772,15772
15775,15775
15781,15781
15785,15831
15796,15796
15797,15797
15803,15803
15806,15806
15808,15808
15809,15809
15810,15810
15812,15812
15814,15814
15815,15815
15819,15819
15824,15824
15830,15830
15831,15831
15834,15834
15840,15840
15841,15841
15843,15843
15844,15844
15849,15849
15855,15855
15862,15862
15864,15864
15866,15866
15867,15867
15868,15868
15869,15869
15870,15870
15871,15871
15875,15875
15877,15877
15885,15885
15888,15888
15893,15893
15900,15900
15901,15901
15902,15902
15903,16001
15905,15905
15906,15906
15910,15910
15911,15911
15916,15916
15917,15917
15921,16095
15922,15922
15925,15925
15928,15928
15931,15931
15933,15933
15941,15941
15942,15942
15943,16004
15944,15944
15946,15946
15950,15991
15951,15951
15952,15952
15959,15959
15962,15982
15964,16090
15967,15967
15968,15968
15970,15970
15975,16023
15978,15978
15982,15982
15986,15986
15987,15987
15988,15988
15989,15989
15990,15990
15991,15991
15995,16048
15996,15996
16001,16001
16004,16004
16006,16006
16009,16110
16013,16013
16017,16017
16018,16018
16019,16019
16021,16021
16023,16023
16024,16024
16030,16030
16041,16041
16042,16042
16043,16043
16044,16044
16045,16045
16046,16046
16047,16047
16048,16048
16050,16050
16055,16126
16060,16060
16061,16061
16062,16062
16064,16064
16066,16066
16069,16069
16073,16073
16075,16075
16078,16126
16085,16085
16089,16089
16090,16090
16094,16094
16095,16095
16097,16097
16098,16098
16099,16099
16101,16101
16102,16126
16103,16103
16104,16104
16106,16106
16110,16110
16111,16111
16113,16113
16114,16114
16115,16115
16119,16119
16121,16121
16122,16122
16123,16123
16125,16125
16126,16126
16133,16133
16135,16135
16137,16137
16138,16138
16139,16139
16140,16140
16145,16432
16147,17062
16156,16156
16158,16158
16159,16159
16166,16166
16170,16170
16171,16171
16172,16172
16173,16241
16177,16177
16178,16178
16184,16184
16186,16186
16189,17769
16202,16202
16203,16203
16209,16209
16210,16210
16221,16221
16223,16223
16224,17216
16226,16226
16227,16227
16228,16228
16229,16229
16241,16241
16246,16246
16252,16252
16256,16256
16267,16267
16276,16276
16281,16281
16282,16282
16288,16288
16309,16309
16311,16311
16330,16330
16338,16338
16352,16352
16354,16354
16381,16381
16382,16382
16390,16390
16391,16391
16392,16392
16394,16558
16404,16404
16406,16406
16411,16411
16418,17682
16422,16422
16427,16427
16432,16432
16441,16441
16444,16444
16445,16445
16459,16459
16461,16461
16473,16473
16483,16483
16484,16484
16486,16486
16492,16492
16495,16495
16506,16506
16512,16512
16537,16537
16542,16542
16545,16545
16548,16548
16551,16551
16558,16558
16559,16559
16578,16578
16581,17242
16602,16602
16616,16616
16626,16626
16629,16629
16645,16645
16648,16648
16670,16670
16671,16671
16674,16674
16681,16681
16692,16692
16693,16693
16695,16695
16696,16696
16697,16697
16701,16701
16702,16702
16703,16703
16706,16706
16707,16707
16708,16708
16710,16710
16711,16772
16716,16716
16717,16717
16719,16719
16722,16722
16733,16733
16739,16739
16740,19001
16742,16742
16744,16744
16745,16745
16753,16753
16756,16756
16763,16763
16766,16766
16767,16767
16770,16770
16772,16772
16773,16773
16774,16774
16776,16776
16777,16777
16779,16779
16781,16781
16783,16783
16786,17216
16799,16799
16807,16807
16808,16808
16811,16811
16812,16812
16813,16813
16820,16820
16821,16821
16832,16832
16834,16834
16837,16837
16840,16840
16842,16842
16843,16843
16844,16844
16846,16846
16849,16849
16850,16850
16852,16852
16854,16854
16870,16870
16880,16880
16884,16884
16908,16908
16910,16910
16911,16911
16914,16914
16915,16915
16917,19141
16921,16921
16922,16922
16924,17408
16927,16927
16931,16931
16932,16932
16933,16933
16935,16935
16937,16937
16938,16938
16954,16954
16963,16963
16969,19001
16977,16977
16978,16978
16982,16982
16986,17769
16990,16990
16991,16991
16992,16992
16993,16993
16994,17408
17004,17004
17006,17242
17012,17012
17027,17027
17030,17030
17032,17032
17033,17033
17034,17034
17035,17156
17036,17036
17042,17042
17043,17242
17048,17048
17049,17049
17051,17051
17054,17054
17057,17057
17058,17058
17059,17059
17060,17060
17062,17062
17063,17063
17065,17065
17067,17067
17072,17245
17073,17073
17074,17074
17076,17076
17078,17078
17084,17084
17087,17087
17090,17090
17091,17216
17096,17096
17100,17769
17111,17111
17115,17115
17122,17122
17124,17124
17131,17131
17132,17132
17144,17144
17154,17408
17156,17156
17157,17157
17169,17169
17178,17178
17180,17180
17185,17185
17186,17186
17192,17192
17197,17197
17198,17198
17200,17200
17203,17203
17206,17206
17209,17209
17210,17210
17214,17214
17215,17313
17216,17216
17218,17218
17221,17221
17223,17223
17226,17226
17227,17227
17228,17228
17229,17229
17235,17235
17238,17316
17239,17289
17242,17242
17244,17244
17245,17245
17250,17250
17252,17252
17259,17259
17268,17268
17270,17769
17275,17408
17287,17287
17289,17289
17291,17291
17293,17293
17294,17294
17295,17295
17298,17298
17306,17306
17308,17777
17311,17311
17312,17312
17313,17313
17314,17314
17315,17315
17316,17316
17320,17320
17326,17409
17327,17327
17329,17329
17335,17335
17343,17343
17349,17349
17352,17352
17357,17429
17363,17841
17366,17366
17369,17409
17371,17769
17373,17373
17379,17379
17384,17384
17385,17385
17388,17388
17394,17394
17399,17399
17406,17406
17407,17407
17408,17408
17409,17409
17413,17413
17418,17418
17419,17419
17421,17421
17422,17422
17423,17423
17426,17426
17429,17429
17432,17432
17433,17451
17434,17434
17436,17436
17439,17439
17442,17442
17444,17444
17446,17446
17448,17448
17451,17451
17454,17454
17456,17769
17458,17458
17461,17461
17464,17464
17469,17469
17472,17472
17474,17474
17476,17476
17485,17485
17489,17489
17490,17490
17494,17494
17503,17503
17504,17504
17509,17509
17516,17516
17517,17517
17520,17520
17522,17522
17523,17523
17524,17524
17528,17528
17529,17529
17530,17564
17533,17533
17540,19406
17542,17769
17548,17548
17551,17551
17552,17552
17553,17553
17555,17555
17556,17556
17562,17562
17564,17564
17567,17567
17571,17949
17574,17574
17575,17575
17580,17741
17590,17890
17593,17593
17615,17615
17618,17618
17622,17622
17623,17623
17637,17637
17639,17639
17642,17753
17644,17644
17645,17645
17646,17646
17652,17652
17654,17769
17656,17656
17657,17890
17664,17664
17668,18039
17673,17673
17681,17777
17682,17682
17683,17683
17684,17684
17686,17686
17707,17707
17709,17709
17714,17714
17715,17715
17728,17728
17729,17729
17730,17730
17731,17731
17733,17733
17735,21783
17736,17736
17737,17737
17738,17777
17741,17741
17750,17750
17751,17751
17753,17753
17760,17760
17769,17769
17776,17776
17777,17777
17780,17780
17783,18039
17788,17788
17789,17789
17792,17792
17799,17799
17804,17841
17821,17821
17835,17835
17840,17840
17841,17841
17843,17949
17849,17849
17850,17850
17851,17851
17856,17856
17857,17857
17864,17864
17865,18004
17866,17866
17876,17876
17885,17885
17886,17886
17890,17890
17893,17893
17896,20004
17898,17898
17904,17904
17906,17906
17907,17949
17908,17908
17918,17918
17926,17926
17928,17928
17930,17930
17931,17931
17932,17932
17935,17935
17940,17940
17942,17942
17945,17945
17947,17947
17949,17949
17958,17958
17964,17964
17965,17965
17978,17978
17980,17980
17982,17982
17988,17988
17993,17993
17996,17996
17997,17997
17998,17998
18001,19264
18002,18002
18004,18004
18008,18121
18010,18010
18011,18011
18012,18012
18014,18014
18019,18019
18023,18023
18024,18024
18039,18039
18041,18041
18043,18043
18047,18047
18049,18049
18050,18050
18051,18051
18055,18055
18059,18059
18062,18062
18066,18662
18076,18076
18078,18078
18093,18093
18094,18094
18096,18096
18099,18099
18100,19264
18109,18287
18114,18114
18118,18118
18120,18120
18121,18121
18122,18122
18134,18134
18135,18135
18145,19264
18146,18477
18150,18150
18152,18152
18153,18153
18154,18154
18155,18155
18157,18157
18159,18563
18160,18160
18162,18162
18163,18163
18167,18167
18168,18168
18170,19264
18174,18662
18175,18175
18176,18176
18179,18179
18180,18180
18182,18182
18185,19406
18189,18189
18218,18218
18242,18242
18246,18246
18258,18258
18262,18262
18264,18264
18285,18285
18287,18287
18307,18477
18311,18311
18312,18312
18321,18471
18326,18326
18328,18328
18340,18340
18342,18342
18343,18343
18345,18345
18351,18351
18365,18365
18369,18555
18380,18380
18384,18384
18386,18662
18387,18387
18393,19001
18403,18403
18433,18433
18439,18439
18442,18442
18471,18471
18477,18477
18500,18500
18505,18505
18507,18507
18536,18536
18537,18537
18539,18539
18555,18555
18563,18563
18594,18594
18598,18598
18599,18599
18629,18629
18638,19085
18641,18641
18647,18647
18651,18651
18654,18654
18655,18853
18662,18662
18663,19188
18666,18666
18667,18667
18669,18771
18670,18670
18671,18671
18672,18672
18677,18677
18682,18682
18687,18687
18693,18693
18698,18698
18700,19264
18702,18702
18705,18705
18707,18827
18709,18709
18714,18714
18724,18724
18728,18728
18736,18736
18744,18744
18747,18988
18771,18771
18776,18776
18781,18781
18782,19406
18786,18786
18791,19196
18795,18795
18804,18804
18810,18810
18812,18812
18816,18816
18818,18818
18822,18822
18827,18827
18828,18828
18833,21684
18835,18835
18850,18850
18853,18853
18877,18877
18883,18883
18900,18900
18917,18917
18918,18918
18950,18950
18985,18985
18988,18988
18999,18999
19000,19406
19001,19001
19010,19274
19031,19031
19032,19032
19035,19035
19040,19040
19043,19043
19051,19051
19055,19055
19071,19071
19074,19074
19085,19085
19092,19092
19105,19105
19107,19107
19117,19117
19120,19120
19128,19128
19130,19130
19131,19131
19135,19135
19141,19141
19146,19146
19153,19153
19155,19155
19163,19163
19165,21324
19167,19167
19168,19168
19171,19171
19173,19173
19175,19175
19178,19178
19182,19182
19183,19183
19188,19188
19190,20829
19191,19191
19196,19196
19197,19197
19198,19198
19201,19201
19207,19207
19235,19235
19241,19241
19247,19247
19248,19248
19249,19249
19254,19254
19255,19255
19262,19262
19264,19264
19266,19266
19270,19270
19274,19274
19291,19745
19292,19292
19303,19303
19310,19310
19311,19311
19313,19313
19316,19316
19317,19317
19322,19322
19331,19331
19334,19334
19335,19335
19338,19338
19343,19343
19345,19345
19346,19346
19348,19348
19350,19350
19355,19355
19356,19356
19362,19362
19372,19372
19377,19852
19379,19379
19380,19380
19393,19393
19396,19396
19398,19398
19406,19406
19411,19411
19419,19419
19430,19430
19455,19455
19465,19465
19468,19468
19471,19471
19481,19481
19502,19502
19504,19504
19550,19724
19557,19720
19575,19575
19592,19592
19601,19601
19608,19608
19617,19617
19624,19624
19641,19641
19661,21334
19665,20425
19666,19666
19710,19710
19720,19720
19724,19724
19732,22469
19733,19733
19735,19735
19741,19741
19745,19745
19755,19755
19763,19763
19764,19764
19769,19769
19775,19775
19778,19778
19781,19781
19782,19782
19788,19788
19798,19798
19799,19799
19806,19806
19814,19814
19820,19820
19825,19825
19831,20477
19836,19836
19852,19852
19891,19891
19905,20425
19912,19912
19915,19915
19924,19924
19926,19926
19928,19928
19929,20061
19932,20843
19943,19943
19945,19945
19951,19951
19955,19955
19972,19972
19975,19975
19989,19989
20004,20004
20019,20019
20027,20027
20030,20030
20031,20350
20038,20038
20040,20040
20043,20043
20045,20045
20050,20050
20056,20056
20061,20061
20067,20067
20068,20068
20073,20073
20105,20105
20125,20125
20153,20153
20196,20196
20203,20203
20215,20215
20216,20216
20225,20225
20238,20238
20242,20242
20246,20246
20262,20262
20266,20266
20306,20306
20326,20326
20331,20331
20335,20335
20339,20339
20348,20348
20350,20350
20354,21520
20356,20356
20361,20361
20368,20368
20371,20371
20385,20385
20387,20387
20391,20391
20393,20393
20401,20401
20414,20414
20425,20425
20426,20426
20428,20428
20431,20431
20439,20439
20440,20440
20451,20451
20464,20464
20465,20465
20467,20978
20468,20468
20471,20471
20474,20474
20477,20477
20486,20486
20490,20490
20491,20491
20494,21005
20515,20774
20540,20540
20543,20543
20554,20554
20559,20559
20595,20595
20607,20607
20616,20616
20620,20620
20623,20623
20629,20629
20646,20646
20654,20654
20655,20655
20659,20659
20662,20662
20664,20664
20666,20666
20674,20674
20691,20691
20699,20699
20702,20702
20703,20703
20707,20707
20711,20711
20722,21106
20723,20723
20726,20726
20727,20727
20730,20730
20738,20738
20754,20754
20759,20759
20768,20768
20772,20772
20774,20774
20775,20775
20783,20783
20786,20978
20789,20789
20794,20794
20799,20799
20802,20802
20808,20808
20810,20810
20811,20811
20812,20812
20813,20813
20817,20817
20818,20818
20821,20821
20829,20829
20831,20831
20834,20834
20835,20835
20836,20836
20842,20842
20843,20843
20844,20844
20846,20846
20848,20848
20851,20851
20855,20855
20859,20859
20862,20862
20863,20863
20868,20868
20874,20874
20880,20880
20887,20887
20899,20899
20901,21106
20905,21736
20920,20920
20936,20936
20939,20939
20954,20954
20963,20963
20975,21106
20978,20978
20994,20994
21005,21005
21019,21019
21022,21022
21036,21036
21059,21059
21063,21063
21065,21065
21069,23819
21083,21083
21084,24180
21087,21087
21088,21088
21090,21090
21096,21096
21099,21099
21101,21101
21102,21102
21106,21106
21111,21111
21117,21117
21133,21133
21135,21135
21137,21137
21149,21149
21150,23233
21157,21157
21161,21161
21175,21175
21178,21178
21179,21179
21187,21187
21194,23819
21196,21196
21199,21199
21224,21224
21227,21227
21237,21237
21239,21239
21241,21241
21243,21243
21250,21250
21251,21251
21254,21254
21256,21256
21261,21261
21268,22292
21270,22673
21274,21274
21279,21279
21281,21281
21301,21301
21305,21305
21316,21316
21320,21320
21323,21323
21324,21324
21333,21333
21334,21334
21337,21337
21375,21520
21382,21382
21388,21388
21390,22672
21391,21470
21402,21402
21403,21403
21407,21407
21409,21409
21412,21412
21421,21421
21426,22103
21428,21428
21431,21431
21435,21435
21436,24052
21437,21437
21441,21520
21446,21446
21455,21455
21457,21457
21458,21458
21462,21462
21468,21468
21470,21470
21471,22202
21474,21474
21485,21485
21486,21486
21505,21505
21514,23663
21520,21520
21526,21526
21528,21528
21531,21531
21532,21532
21537,21537
21538,21538
21543,21543
21544,21544
21548,21548
21552,21552
21562,21562
21563,21563
21564,21564
21567,21567
21573,21573
21587,21587
21590,21590
21597,21597
21616,21616
21620,21620
21622,21622
21623,21623
21624,21624
21628,21954
21640,22618
21650,21650
21658,21658
21679,22103
21684,21684
21688,21688
21696,21696
21698,21698
21702,21702
21703,21703
21717,21717
21718,21802
21719,21719
21725,21725
21730,21730
21731,21731
21732,21732
21734,21734
21736,21736
21737,21737
21738,21738
21740,22673
21751,21751
21753,21753
21758,21758
21759,21759
21768,21901
21776,24408
21783,21783
21788,21788
21792,21792
21797,21797
21799,21799
21800,21800
21801,21801
21802,21802
21803,27544
21814,21814
21817,21817
21820,21820
21822,21822
21826,21826
21828,22469
21834,21834
21841,21841
21843,21843
21847,21847
21850,21850
21851,21851
21855,21855
21861,21861
21863,21863
21867,21867
21869,21869
21870,21870
21871,21871
21874,21874
21878,21878
21879,21879
21886,21886
21892,21892
21895,21895
21896,21896
21899,21899
21901,21901
21902,24589
21903,21903
21906,21906
21907,21907
21909,21909
21926,21926
21936,21936
21945,21945
21947,22266
21954,21954
21958,21958
21960,21960
21974,22469
21981,23609
21982,21982
21992,21992
22010,22010
22024,22024
22029,22029
22032,22032
22037,22037
22039,22202
22040,22040
22041,22041
22046,22046
22058,22058
22061,22061
22062,22062
22063,22063
22072,22072
22079,22079
22083,22083
22087,22087
22088,22088
22089,22469
22099,22661
22101,22101
22102,22102
22103,22103
22108,22108
22112,22279
22115,22115
22125,22125
22135,22135
22136,22136
22137,22137
22149,22149
22154,22154
22155,22155
22156,22156
22158,22158
22160,22160
22161,22161
22162,22162
22172,22172
22177,22177
22192,22192
22202,22202
22206,22469
22208,22661
22217,22673
22218,22218
22225,22225
22226,22226
22231,22231
22233,22800
22251,22251
22253,22253
22259,22259
22266,22266
22270,22270
22278,22672
22279,22279
22281,22281
22292,22292
22299,22299
22310,22310
22312,23609
22325,22325
22338,22338
22349,22349
22354,23663
22362,22362
22369,22369
22371,22371
22374,22374
22419,22419
22423,22423
22424,22424
22442,22442
22454,22454
22457,22457
22459,22459
22460,22460
22461,24408
22463,22463
22465,22465
22467,22467
22469,22469
22472,22472
22473,22473
22476,22476
22489,22489
22491,22491
22519,22661
22523,22523
22531,22531
22533,22533
22543,22543
22552,22672
22556,22556
22557,23609
22558,22558
22560,22753
22561,22561
22563,22563
22564,22564
22567,22567
22575,22575
22578,22578
22580,22580
22584,22584
22585,22585
22592,24873
22595,22595
22600,22600
22617,22968
22618,22618
22625,22625
22627,22627
22628,22628
22630,22630
22633,22633
22634,22634
22637,22637
22639,22639
22640,23233
22643,22643
22647,22647
22653,22653
22659,22659
22661,22661
22662,22662
22664,23091
22665,22665
22666,23142
22670,22670
22671,22671
22672,22672
22673,22673
22674,22674
22676,22676
22680,22680
22687,22968
22699,22699
22702,22702
22703,22703
22704,22704
22706,22706
22712,22712
22713,23007
22715,22715
22716,22716
22718,23233
22722,23609
22725,22725
22733,22733
22735,26401
22739,22739
22741,22741
22746,22746
22747,22747
22753,22753
22764,22968
22766,22766
22771,22771
22778,22778
22779,22916
22788,22788
22793,22793
22800,22800
22803,22803
22807,22807
22810,22810
22813,22813
22816,22816
22820,22820
22824,22824
22825,22825
22828,22828
22835,22835
22838,22838
22839,22839
22843,22843
22852,23197
22854,22854
22855,22855
22864,23609
22866,22866
22867,22968
22872,22872
22873,22873
22874,23085
22875,22875
22876,22876
22877,22877
22881,23567
22883,22883
22895,22895
22896,22896
22898,22898
22900,22900
22903,23142
22904,22904
22908,22908
22912,22912
22913,22913
22914,22914
22915,23007
22916,22916
22920,22920
22926,22926
22927,22927
22928,22928
22930,22930
22931,22931
22932,22932
22936,22936
22937,22937
22941,22941
22943,22943
22959,22959
22968,22968
22982,22982
22991,22991
22993,22993
22995,22995
22997,22997
23003,24698
23007,23007
23010,23010
23022,23356
23029,23029
23033,23033
23046,23046
23052,23052
23062,23062
23063,23063
23067,24198
23083,23083
23085,23085
23091,23091
23126,23126
23129,23129
23132,23132
23136,23136
23137,23137
23140,23140
23142,23142
23148,23148
23150,23150
23152,23152
23160,23160
23164,23164
23166,23166
23168,23168
23169,23318
23172,23172
23173,23173
23174,23329
23175,23609
23176,23176
23178,23178
23182,23182
23187,23187
23188,23188
23189,23189
23192,23192
23197,23197
23201,23201
23203,23203
23207,23207
23216,23216
23221,23451
23233,23233
23236,23236
23242,23242
23246,23246
23257,23257
23259,23259
23282,23282
23287,23287
23294,23294
23295,23295
23299,23299
23304,23304
23305,23305
23318,23318
23324,23324
23325,23325
23329,23329
23334,23334
23337,23337
23342,23342
23348,23348
23351,23351
23356,23356
23363,23363
23371,23371
23375,23375
23380,23380
23383,23383
23387,23387
23393,23393
23395,23395
23398,24166
23404,23404
23408,23408
23414,23414
23415,23415
23419,23544
23420,23420
23427,23427
23431,23431
23436,23900
23437,23437
23444,23629
23450,24003
23451,23451
23454,23454
23456,23456
23462,23462
23465,27544
23478,23478
23482,23482
23483,23483
23486,23486
23488,23488
23490,23490
23496,23496
23497,23497
23501,23501
23510,23510
23516,23516
23520,23520
23524,23524
23528,23528
23535,23535
23536,23536
23537,23537
23540,23540
23544,23544
23547,23547
23555,23609
23567,23567
23568,23568
23601,24052
23602,23602
23607,27544
23608,23608
23609,23609
23610,23610
23613,24111
23616,23616
23617,23617
23622,24573
23623,23623
23625,23625
23626,23626
23627,23900
23629,23629
23634,23634
23635,23635
23642,24721
23654,23654
23660,23660
23662,23662
23663,23663
23673,23673
23678,23678
23679,23829
23689,23689
23690,23690
23691,23691
23693,23693
23694,23694
23697,23697
23700,23700
23703,23703
23705,23705
23706,23706
23708,23708
23711,23711
23712,23712
23713,23713
23715,23715
23717,23717
23718,23718
23719,23719
23720,23720
23721,23721
23723,23723
23724,23724
23727,24111
23728,23728
23731,23731
23732,23732
23736,23736
23739,23900
23758,23758
23759,23759
23760,23760
23761,23761
23763,23763
23767,23767
23775,23775
23777,23777
23779,23779
23781,23781
23787,23787
23791,23791
23806,23806
23808,23808
23809,23809
23810,23810
23813,23813
23817,23817
23819,23819
23826,23826
23829,23829
23830,23830
23832,23832
23834,23860
23836,24972
23847,23847
23848,24111
23850,23850
23854,23854
23855,24981
23856,23856
23857,23857
23858,23858
23860,23860
23861,23861
23866,23866
23874,23874
23875,23875
23876,23876
23878,23878
23882,23882
23887,23887
23892,23892
23895,24219
23900,23900
23904,23904
23905,23905
23908,23908
23910,23910
23918,23918
23922,23922
23923,24044
23925,23925
23927,23927
23931,23931
23933,25286
23943,23943
23948,24892
23954,25306
23955,23955
23957,24836
23958,23958
23965,24310
23966,23966
23967,23967
23968,24198
23973,23973
23974,23974
23983,23983
23984,24524
23992,23992
23993,23993
23995,23995
24003,24003
24005,24005
24007,24007
24016,24016
24018,24018
24023,24023
24026,24026
24030,24030
24036,24036
24038,24038
24040,24040
24044,24044
24052,24052
24054,24054
24058,24058
24066,24066
24067,26772
24070,24070
24072,25680
24095,24095
24096,24096
24108,24108
24109,24109
24111,24111
24112,24112
24119,24589
24127,24127
24130,24130
24135,24135
24143,24143
24146,24146
24148,24148
24149,24149
24152,24152
24155,24155
24158,24158
24162,24162
24166,24166
24172,24172
24180,24180
24183,24183
24194,24194
24198,24198
24203,24203
24219,24219
24285,25191
24297,24297
24304,24304
24305,24305
24310,24310
24314,24314
24315,24315
24317,24317
24324,24324
24329,24329
24347,24347
24349,24349
24352,24589
24360,24360
24369,24369
24370,24370
24377,24377
24382,24382
24384,24384
24388,24388
24391,24391
24395,24395
24401,24401
24405,24405
24407,24407
24408,24408
24412,24412
24425,24425
24427,24698
24440,24440
24450,24450
24460,24460
24466,24466
24470,24470
24472,24472
24477,24477
24481,24870
24484,24484
24486,24486
24488,24488
24491,24491
24501,24501
24503,24503
24507,24507
24512,24512
24513,24513
24516,24516
24524,24524
24526,24526
24528,24528
24532,24532
24546,24546
24552,24552
24556,24556
24559,24559
24563,24563
24564,24564
24566,24566
24568,24568
24573,24573
24576,24576
24582,24582
24585,24585
24587,24587
24588,24588
24589,24589
24591,24591
24612,24612
24616,24616
24635,24635
24656,24656
24663,24663
24667,24667
24681,24681
24684,24684
24692,24692
24693,24693
24695,24695
24698,24698
24700,24700
24709,24709
24715,24723
24721,24721
24723,24723
24724,24724
24725,24725
24729,24729
24731,24731
24732,24732
24734,25794
24738,24738
24769,24769
24772,24772
24775,25121
24776,24776
24779,24779
24780,24780
24799,24799
24802,24802
24807,24807
24821,24821
24825,24825
24826,24826
24836,24836
24840,25103
24855,24855
24861,24861
24862,24862
24864,24864
24865,25286
24867,24867
24870,24870
24873,24873
24878,24878
24879,24879
24881,24881
24882,24882
24885,24885
24888,24888
24890,24890
24891,24891
24892,24892
24893,24893
24894,24894
24901,24901
24902,24902
24906,24906
24907,24960
24908,24908
24911,24911
24912,24912
24913,24913
24916,24916
24921,25013
24922,24922
24930,24930
24933,25794
24938,24938
24939,24939
24951,24951
24955,25530
24956,24956
24957,24957
24958,25845
24960,24960
24964,24964
24972,24972
24981,24981
24987,24987
24988,24988
24991,25689
24992,24992
24998,24998
25001,25001
25007,25007
25010,25010
25012,25012
25013,25013
25016,25016
25017,25017
25020,25020
25022,25022
25023,25023
25028,25028
25033,25033
25034,25034
25042,25042
25057,25057
25061,25061
25062,25062
25063,25063
25065,25065
25070,25189
25075,25075
25077,25077
25080,25080
25082,25082
25085,25085
25086,25086
25087,25087
25092,25092
25094,25094
25095,25095
25102,25102
25103,25103
25109,25109
25110,25110
25119,25119
25120,25120
25121,25121
25122,25122
25126,25126
25130,25130
25134,25134
25137,25137
25139,25139
25145,25510
25146,25146
25148,25148
25169,25169
25172,25172
25173,25173
25181,25181
25185,25185
25186,25186
25187,25187
25189,25189
25191,25191
25192,25192
25199,25199
25200,25200
25220,26028
25230,25689
25236,25236
25244,25244
25246,25246
25248,25248
25251,25251
25259,26026
25267,25267
25268,25794
25270,25270
25272,25272
25276,25276
25281,25432
25284,25284
25285,25285
25286,25286
25291,25378
25292,25292
25293,25293
25294,25294
25296,25296
25299,25299
25306,25306
25315,25315
25317,25794
25331,25530
25336,25336
25341,25341
25359,25359
25361,25361
25372,25372
25376,25376
25378,25378
25386,25386
25388,25388
25393,25393
25399,25689
25404,25404
25408,25408
25409,25409
25410,25410
25411,25477
25415,25415
25418,25418
25420,25420
25421,25421
25432,25432
25433,25433
25436,25436
25437,25437
25438,25794
25442,25442
25443,25845
25460,25460
25462,25462
25463,25463
25464,26772
25468,25468
25469,25469
25471,25471
25473,25473
25474,25474
25476,25476
25477,25477
25478,25478
25482,25482
25483,25483
25484,25484
25485,25485
25491,25491
25493,25588
25494,25494
25496,25496
25501,25689
25502,25502
25504,25504
25510,25510
25513,25513
25519,26026
25521,25521
25525,25525
25526,25526
25528,25528
25530,25530
25531,25531
25532,25794
25533,25533
25535,25535
25538,25538
25540,25540
25541,25541
25542,25542
25544,25544
25545,25689
25564,25564
25567,25567
25569,25569
25570,25570
25571,25571
25581,25581
25582,25582
25588,25588
25597,25597
25611,25611
25614,25614
25619,25619
25622,25794
25624,25624
25625,25625
25626,25626
25636,25636
25638,25638
25648,25648
25653,25653
25654,25654
25659,25767
25666,25666
25667,25667
25671,25671
25673,25673
25678,25678
25680,25680
25683,25683
25684,25702
25685,25685
25689,25689
25690,26054
25691,25691
25698,25698
25701,26322
25702,25702
25704,25704
25707,25789
25709,26026
25714,25714
25718,25718
25720,25720
25724,25724
25726,25874
25729,25729
25731,25731
25742,25742
25744,25744
25749,25749
25750,26290
25751,25751
25754,25754
25756,25756
25760,25760
25761,25761
25767,25767
25771,25936
25775,25775
25776,25776
25778,25778
25780,25780
25782,25782
25785,25785
25786,26084
25789,25789
25791,25791
25792,25792
25794,25794
25795,25795
25800,25800
25804,25804
25805,25805
25806,25806
25817,25817
25819,25819
25823,25823
25827,25827
25828,25828
25840,25840
25845,25845
25848,25848
25855,25855
25862,25862
25863,25863
25865,25865
25866,25866
25868,25868
25871,25871
25872,25872
25874,25874
25878,25878
25880,25880
25883,25883
25884,25884
25890,25890
25898,25898
25901,25901
25907,26051
25908,25908
25910,25910
25916,25916
25934,25934
25936,25936
25944,25944
25954,25954
25955,25955
25956,25956
25957,25957
25962,25962
25963,26026
25964,26028
25967,25967
25972,26364
25980,25980
25982,25982
25988,25988
25993,25993
26000,26000
26001,26001
26010,26051
26013,26181
26015,26015
26020,26020
26022,26022
26026,26026
26028,26028
26037,26037
26040,26040
26041,26905
26045,26045
26048,26048
26051,26051
26054,26054
26059,26059
26066,26066
26072,26574
26074,26074
26075,27132
26076,26076
26077,26321
26078,26078
26079,26079
26084,26084
26085,26085
26096,26096
26100,26462
26104,26104
26111,26111
26117,26181
26121,26121
26125,26125
26128,26128
26130,26130
26135,26135
26144,26144
26151,26364
26173,26173
26174,26174
26177,26177
26178,26178
26181,26181
26183,26183
26186,26186
26187,26187
26188,26188
26189,26189
26190,26190
26191,26191
26200,26200
26201,26482
26203,27132
26207,26207
26208,26208
26222,26905
26225,26225
26227,26227
26231,26322
26235,26235
26242,26242
26251,26364
26252,26252
26253,26253
26272,26344
26273,26273
26274,26274
26284,26284
26285,26285
26290,26290
26293,26293
26294,26294
26297,26297
26298,26298
26299,26299
26301,26301
26302,26738
26303,26303
26304,26304
26308,26308
26310,26310
26311,26311
26312,26312
26314,26397
26315,26315
26317,26317
26321,26321
26322,26322
26324,26482
26334,26334
26336,26336
26338,26338
26339,26339
26341,26341
26344,26344
26349,26349
26350,26513
26354,26354
26360,26360
26363,26732
26364,26364
26368,26905
26378,26378
26383,26383
26386,26738
26388,26388
26391,26391
26392,26392
26394,26394
26397,26397
26401,26401
26402,26402
26403,26403
26412,26412
26413,26413
26414,26414
26417,26417
26419,26419
26423,26423
26427,26427
26428,26428
26429,26429
26433,26433
26438,26438
26443,26443
26445,26445
26449,26449
26450,26450
26453,26453
26462,26462
26473,26473
26477,26477
26478,26478
26479,27940
26482,26482
26490,26490
26492,26492
26504,26504
26505,26561
26506,26506
26508,26626
26509,26509
26510,26510
26513,26513
26514,26514
26518,26518
26525,27317
26527,26527
26528,26528
26529,26529
26533,26732
26534,26534
26538,26538
26539,26539
26540,26540
26542,26542
26545,26545
26546,26546
26547,26547
26557,26905
26561,26561
26563,26563
26569,26569
26574,26574
26583,26583
26584,26584
26585,26585
26587,26587
26589,26589
26610,26610
26618,26618
26619,26732
26620,26620
26621,26621
26626,26626
26631,26631
26633,26633
26644,26644
26651,26651
26652,26652
26653,26653
26654,26654
26665,26738
26667,26732
26668,26668
26669,26669
26670,26670
26685,26685
26697,26697
26705,26705
26710,26710
26716,26716
26719,26836
26720,26720
26722,26722
26724,26724
26725,26725
26726,26726
26729,28159
26731,26731
26732,26732
26733,26733
26736,26736
26738,26738
26748,26748
26754,26754
26761,26761
26762,26762
26772,26772
26774,27082
26785,27063
26795,26795
26799,27471
26804,26804
26809,26809
26815,26815
26836,26836
26847,27354
26881,26881
26885,26885
26905,26905
26912,26912
26921,26921
26926,26926
26930,26930
26938,26938
26947,26947
26957,27317
26963,26963
26970,26970
26972,26972
26975,26975
26978,26978
26992,26992
26993,26993
27001,27206
27005,27005
27006,27006
27012,27132
27015,27015
27030,27030
27040,27040
27041,27041
27053,27053
27057,27057
27059,27059
27060,27060
27062,27062
27063,27063
27064,27064
27065,27065
27074,27074
27075,27075
27082,27082
27085,27085
27088,27197
27090,27090
27094,27094
27099,30283
27100,27100
27104,27104
27106,27106
27109,27109
27110,27110
27112,29040
27122,27122
27124,27124
27129,27129
27132,27132
27134,27134
27136,27136
27137,27431
27139,27139
27142,27142
27151,27151
27165,27165
27166,27166
27170,27170
27175,27175
27189,27189
27190,27190
27193,27399
27197,27197
27200,27200
27206,27206
27211,27471
27226,27226
27228,27317
27234,27234
27238,27238
27241,27241
27258,27258
27262,27262
27267,27267
27269,27269
27270,27270
27274,27274
27277,27277
27281,27281
27283,27283
27284,27284
27289,27289
27292,27471
27293,27293
27295,27295
27299,27299
27300,27300
27301,27301
27303,27303
27304,27304
27308,27308
27309,27354
27311,27311
27312,27312
27317,27317
27320,27320
27321,27321
27333,27333
27334,27334
27338,27338
27344,27344
27345,28159
27346,27346
27348,27348
27353,27353
27354,27354
27355,27533
27358,27358
27364,27364
27371,27371
27375,27375
27383,27383
27385,27385
27390,27390
27393,27393
27395,27395
27396,27396
27397,27606
27399,27399
27402,27402
27405,27405
27411,27411
27415,27415
27416,27416
27417,27417
27419,27419
27422,27422
27428,27428
27431,27431
27433,27433
27436,27436
27439,27439
27443,27443
27447,27447
27449,27449
27450,27450
27459,27459
27468,27468
27470,27470
27471,27471
27474,27474
27478,27478
27489,27489
27490,27490
27496,27496
27502,27502
27505,27505
27510,27510
27512,27512
27515,27585
27522,27522
27524,27691
27528,27528
27529,27529
27533,27533
27534,27534
27537,27537
27544,27544
27549,27549
27551,27551
27556,27798
27559,27559
27560,27560
27561,27561
27563,27563
27574,27574
27584,27584
27585,27585
27586,27586
27587,27587
27590,27590
27591,27591
27592,27592
27595,27595
27605,27605
27606,27606
27611,28179
27613,27613
27621,27621
27632,27632
27634,27634
27649,27649
27651,27651
27656,27656
27662,27662
27669,27669
27673,27673
27674,27674
27689,27689
27691,27691
27693,27693
27694,29040
27696,27696
27702,27702
27703,27703
27708,27708
27716,27716
27724,27724
27728,27728
27731,27731
27736,27736
27738,27738
27739,27739
27741,27741
27746,27746
27747,27747
27750,27750
27753,27753
27770,27770
27775,27775
27777,27777
27779,27779
27782,27782
27788,27788
27790,27790
27794,27794
27798,27798
27799,27799
27804,27804
27805,27805
27811,27811
27817,27817
27821,27821
27826,27826
27828,27828
27831,27831
27832,27832
27835,27835
27838,27838
27840,27840
27841,27841
27851,27851
27860,27860
27870,28159
27872,27872
27874,27874
27876,27876
27883,27883
27884,28403
27886,27886
27891,27891
27892,27892
27893,27927
27901,27901
27902,27902
27904,27904
27905,27905
27908,27908
27910,28159
27913,27913
27915,27915
27916,27916
27922,27922
27924,27924
27927,27927
27929,27929
27931,27931
27933,28403
27940,27940
27941,27941
27942,27942
27945,29372
27948,27948
27949,27949
27950,27950
27951,27951
27954,27954
27959,27959
27960,27960
27963,27963
27964,27964
27967,27967
27976,27976
27978,27978
27981,28179
27997,27997
28004,28004
28009,28009
28010,28010
28012,28131
28013,28013
28017,28017
28020,28020
28024,28159
28031,28031
28033,28033
28035,28035
28037,28037
28039,28039
28051,28051
28052,28052
28061,28061
28065,28403
28067,28067
28075,28075
28078,28078
28082,28082
28083,28083
28092,28295
28097,28097
28101,28101
28111,28111
28112,28112
28113,28113
28116,28116
28117,28117
28119,28119
28121,28121
28122,28122
28123,28409
28131,28131
28132,28132
28134,28134
28143,28143
28146,28146
28147,28147
28154,28154
28158,28158
28159,28159
28160,28160
28161,28161
28163,29758
28164,28164
28174,28174
28176,28295
28179,28179
28184,28731
28189,28189
28190,28190
28191,28191
28195,28195
28198,28198
28199,28199
28206,28206
28209,28209
28214,28214
28216,28216
28234,28234
28243,28243
28245,28245
28247,28247
28251,28251
28256,28256
28257,28257
28261,28261
28266,28266
28274,28274
28275,28731
28276,28276
28278,28278
28289,28289
28294,28294
28295,28295
28302,28302
28306,28306
28311,28311
28314,28314
28315,28315
28317,28317
28320,28731
28325,28403
28333,28333
28345,28345
28354,28354
28355,28355
28367,28367
28370,28370
28371,28371
28372,28372
28373,28373
28392,28392
28393,28393
28394,28394
28403,28403
28409,28409
28411,28411
28422,28422
28423,28423
28428,28428
28430,28430
28431,28431
28432,28432
28446,28446
28456,28456
28457,28457
28458,28458
28459,28459
28465,28465
28467,28467
28468,28468
28471,28471
28472,28472
28480,28480
28481,28481
28485,28556
28486,28486
28491,28491
28494,28494
28502,28502
28506,28506
28508,28508
28511,28511
28514,28514
28528,28528
28534,28534
28549,29372
28556,28556
28559,28559
28561,28561
28568,28568
28573,28933
28574,28705
28576,28576
28580,28775
28581,28581
28584,28584
28585,28585
28587,28587
28590,28830
28600,28600
28606,28606
28614,28614
28640,28640
28641,28641
28647,28647
28664,28664
28668,28668
28671,28671
28677,28677
28686,28970
28688,28688
28689,28689
28703,28703
28705,28705
28709,28709
28710,28710
28711,28711
28715,28715
28717,28717
28723,28723
28729,28729
28731,28731
28734,28734
28739,28739
28753,28753
28758,28758
28767,28767
28769,28769
28775,28775
28781,28781
28783,28783
28787,28787
28791,28791
28794,28794
28798,28798
28801,28801
28802,28802
28809,28809
28810,28810
28811,28811
28812,28812
28813,28813
28815,28815
28820,28820
28822,28970
28824,28824
28830,28830
28843,28843
28849,28849
28851,28851
28852,28852
28855,28855
28857,28857
28858,28858
28859,28859
28863,28944
28864,29372
28888,28940
28893,28893
28900,28900
28902,28902
28904,28904
28905,28905
28907,28907
28909,28909
28911,29350
28916,28916
28917,28917
28918,28918
28919,28919
28921,28921
28926,29142
28928,28928
28929,28929
28933,28933
28940,28940
28943,28943
28944,28944
28945,28945
28946,28946
28949,28949
28950,28950
28951,28951
28956,28956
28957,28957
28959,29040
28962,28962
28965,28965
28966,28966
28970,28970
28972,28972
28973,28973
28974,28974
28978,29431
28979,28979
28982,29142
28983,29040
28984,28984
28986,28986
28987,28987
28988,28988
28991,28991
28993,28993
28997,28997
29001,29001
29006,29006
29007,29007
29008,29008
29018,29018
29019,29019
29021,29142
29024,29024
29027,29027
29028,29028
29029,29029
29033,29033
29040,29040
29047,29047
29051,29051
29053,29053
29060,29060
29063,29063
29066,29066
29067,29067
29069,30282
29071,29071
29072,29072
29075,29075
29077,29077
29088,29088
29094,29094
29096,29096
29098,29098
29103,29103
29104,29104
29109,29109
29111,29111
29115,29115
29130,29130
29131,29342
29140,29140
29142,29142
29147,29431
29160,29160
29164,29419
29169,29169
29171,29171
29178,29178
29183,29183
29189,29431
29190,29190
29201,29201
29207,29207
29208,29208
29209,29209
29210,29210
29214,29214
29217,29217
29218,29218
29221,29221
29226,29226
29232,29232
29240,29240
29241,29241
29244,29244
29247,29247
29248,29248
29251,29251
29255,29255
29260,29260
29265,29265
29267,29267
29268,29268
29278,29278
29279,29279
29283,29361
29284,29327
29289,29289
29291,29291
29295,29295
29310,29413
29314,29314
29317,29431
29326,29326
29327,29327
29328,29361
29329,29329
29331,29331
29333,29373
29335,29335
29339,29339
29342,29342
29343,29379
29346,29346
29350,29350
29354,29354
29355,29355
29359,29359
29361,29361
29366,29366
29367,29674
29372,29372
29373,29373
29374,29374
29377,29377
29379,29379
29385,29385
29386,29386
29387,29387
29391,29391
29392,29392
29394,29431
29395,29395
29400,29400
29406,29406
29408,29408
29410,29410
29411,29411
29413,29413
29415,29415
29416,29416
29417,29417
29419,29419
29420,29626
29424,29812
29426,29426
29428,29428
29430,29430
29431,29431
29433,29433
29434,29434
29437,29437
29438,29438
29443,29443
29449,29449
29450,29450
29451,29451
29453,29453
29454,29454
29455,29455
29459,29459
29460,29460
29463,29463
29471,29471
29472,29555
29475,29626
29497,29497
29499,29499
29501,29501
29512,29512
29514,29514
29517,29517
29518,29518
29519,29519
29521,29521
29524,29524
29536,29626
29541,29541
29548,29548
29552,29552
29554,29554
29555,29555
29557,29557
29560,29560
29562,29562
29563,29563
29564,30651
29566,29566
29578,29578
29580,29580
29581,29581
29584,29584
29587,29587
29588,29626
29589,29589
29594,29594
29597,29597
29600,29600
29602,29602
29603,29603
29615,29615
29617,29617
29619,29619
29626,29626
29627,29674
29628,29628
29630,29630
29642,29642
29648,29648
29650,29650
29651,29651
29658,29658
29674,29674
29675,29675
29688,29688
29689,29689
29693,29693
29694,29694
29698,29698
29699,29854
29706,29706
29707,29707
29708,29708
29709,29709
29711,29711
29718,29718
29723,29723
29726,29726
29738,29738
29739,29739
29740,29740
29751,29866
29756,29756
29758,29758
29760,29760
29770,29770
29771,29771
29779,29779
29786,29786
29790,29790
29799,29799
29803,29803
29806,29806
29811,29811
29812,29812
29824,29824
29825,29825
29827,29827
29828,29828
29832,29832
29838,29838
29841,29841
29853,29853
29854,29854
29857,29857
29866,29866
29870,29870
29879,29879
29896,29896
29897,29897
29905,29905
29906,29906
29909,29909
29917,29917
29921,29921
29928,29928
29934,29934
29937,29937
29938,29938
29939,29939
29945,29945
29950,29950
29954,29954
29955,29955
29963,29963
29981,29981
29993,29993
29994,29994
30000,30000
30004,30004
30018,30018
30024,30024
30030,30030
30032,30032
30038,30038
30039,30039
30041,30041
30045,30045
30046,30046
30049,30049
30051,30051
30054,30054
30055,30055
30056,30056
30060,30060
30061,30061
30063,30063
30066,30066
30068,30068
30070,30070
30071,30071
30073,30073
30079,30079
30083,30083
30085,30085
30086,30086
30093,30093
30094,30094
30096,30096
30097,30097
30098,30098
30103,30103
30106,30106
30109,30109
30116,30631
30120,30207
30130,30130
30139,30139
30144,30144
30145,30145
30149,30149
30153,30153
30154,30154
30164,30164
30165,30165
30166,30166
30167,30258
30169,30169
30171,30171
30176,30176
30186,30186
30189,30189
30197,30197
30200,30200
30205,30205
30207,30207
30213,30213
30221,30221
30222,30222
30240,30240
30241,30241
30243,30243
30244,30244
30245,30245
30246,30246
30250,30250
30251,30251
30258,30258
30269,30269
30272,30272
30273,30273
30278,30278
30279,30279
30280,30631
30282,30282
30283,30283
30300,30300
30303,30303
30307,30307
30315,30315
30317,30317
30326,30326
30332,30332
30336,30336
30337,30337
30338,30338
30339,30339
30342,30342
30348,30348
30366,30366
30367,30367
30369,30369
30370,30370
30371,30371
30374,30537
30375,30375
30379,30379
30380,30463
30389,30389
30391,30391
30400,30400
30402,30402
30406,30406
30411,30411
30414,30414
30416,30416
30421,30421
30429,30429
30434,30434
30435,30435
30438,30613
30449,30449
30459,30459
30463,30463
30464,30464
30465,30465
30466,30466
30473,30541
30475,30475
30476,30476
30480,30480
30481,30481
30482,30631
30483,30483
30487,30487
30489,30537
30495,30495
30496,30496
30503,30503
30506,30506
30512,30512
30518,30518
30520,30520
30527,30527
30531,30531
30537,30537
30541,30541
30543,30543
30547,30547
30549,30549
30552,30552
30553,30553
30557,30557
30559,30559
30560,30560
30561,30561
30565,30565
30568,30568
30572,30572
30576,30576
30579,30579
30582,30582
30583,30583
30586,30586
30588,30588
30589,30589
30592,30592
30593,30593
30597,30597
30598,30598
30601,30601
30605,30605
30606,30606
30608,30608
30610,30652
30613,30613
30621,30621
30631,30631
30640,30640
30641,30641
30644,30644
30649,30649
30650,30650
30651,30651
30652,30652
30654,30654
30655,30655
30657,30657
30659,30757
30660,30660
30662,30662
30665,30665
30679,30679
30680,30680
30687,30687
30697,30697
30700,30700
30701,30701
30703,30703
30711,30711
30715,30715
30716,30716
30724,30724
30728,30728
30729,30992
30731,30731
30732,32014
30737,30737
30742,30742
30744,30744
30745,30745
30751,30751
30753,30753
30756,30756
30757,30757
30758,30758
30759,30759
30760,30760
30761,30761
30762,30762
30766,30766
30768,30768
30772,30772
30773,30773
30774,30981
30775,30775
30777,30777
30778,30778
30784,30784
30788,30788
30793,30793
30794,30794
30796,30796
30800,30800
30801,30801
30804,30804
30805,30805
30809,30809
30810,31756
30813,30813
30816,30816
30819,30819
30821,30821
30825,32776
30826,30826
30829,30829
30831,30831
30832,30832
30833,30833
30840,30840
30850,30850
30851,30851
30852,30852
30853,30853
30866,30866
30870,30870
30871,30871
30872,30872
30879,30912
30880,30880
30882,30882
30883,30883
30886,30886
30892,30995
30893,30893
30897,30897
30899,30899
30904,30981
30905,30905
30911,30911
30912,30912
30916,30916
30917,30917
30919,30919
30922,30922
30924,30924
30926,30926
30929,30929
30931,31002
30932,30932
30934,30934
30942,30942
30949,30949
30952,30952
30958,31014
30959,30981
30965,30965
30970,30970
30974,30974
30975,30975
30976,30976
30978,30978
30981,30981
30983,30983
30984,30984
30986,30986
30988,31025
30990,30990
30992,30992
30995,30995
30999,30999
31002,31002
31009,31009
31010,31010
31013,31013
31014,31014
31025,31025
31026,31026
31041,31041
31045,31045
31052,31052
31076,31076
31077,31077
31091,31091
31103,31103
31104,31104
31122,31122
31124,31124
31127,31127
31128,33454
31132,31132
31135,31135
31137,31137
31140,31140
31142,31142
31143,31176
31147,31147
31151,31151
31168,31168
31172,31172
31173,31173
31176,31176
31182,31182
31183,31183
31184,31184
31185,31353
31187,31187
31189,31189
31190,31190
31194,33454
31197,31197
31198,31198
31200,31200
31207,31207
31208,31879
31211,31211
31217,31217
31224,31224
31231,31231
31232,31232
31233,31233
31238,31238
31247,31247
31250,31250
31253,31253
31254,31254
31258,31258
31264,31264
31268,31268
31272,31272
31274,31274
31286,31286
31301,31301
31318,31318
31320,31320
31325,31325
31329,31879
31349,31349
31353,31353
31364,31364
31397,31397
31400,31400
31401,31465
31407,31407
31409,31409
31422,31422
31423,31903
31429,31429
31430,31430
31435,31435
31436,31436
31438,31438
31440,31440
31442,31494
31449,31449
31457,31457
31464,32037
31465,31465
31466,31466
31468,31468
31471,31471
31476,31476
31494,31494
31514,31514
31518,31518
31522,31568
31531,31531
31533,31533
31546,31546
31547,31547
31549,31549
31550,31745
31568,31568
31573,31573
31576,31576
31581,31903
31592,31592
31597,31597
31608,31608
31621,31621
31631,31631
31632,31632
31633,31633
31649,31649
31676,31676
31686,31686
31692,31692
31693,31693
31694,31694
31700,31700
31704,31704
31724,31724
31725,31725
31726,31726
31740,32967
31741,31741
31745,31745
31756,31756
31759,31759
31761,32111
31765,31765
31770,31770
31772,31772
31777,31777
31784,31903
31789,31840
31792,31792
31796,31796
31823,31823
31828,31828
31829,32037
31831,31831
31832,31832
31833,31833
31840,31840
31841,31841
31842,31842
31846,31846
31848,31848
31861,31861
31879,31879
31882,31882
31884,31884
31896,31896
31898,31898
31903,31903
31915,31915
31916,32111
31918,31918
31920,31920
31922,31922
31929,31929
31933,31933
31937,31937
31971,31971
31975,31975
31993,31993
32001,32001
32003,32003
32004,32004
32008,32008
32011,32011
32014,32014
32018,32018
32019,32019
32027,32027
32030,32030
32033,32033
32034,32198
32037,32037
32049,32049
32055,32055
32057,32057
32059,32059
32060,32111
32069,32069
32073,32073
32078,32078
32079,32079
32080,32080
32088,32920
32089,32089
32091,32091
32092,32092
32095,32095
32098,32098
32100,32100
32111,32111
32113,33454
32120,32120
32121,32121
32126,32126
32127,32127
32129,32129
32131,32131
32147,32147
32150,32150
32151,32151
32153,32153
32156,32156
32157,32860
32165,32165
32166,32166
32168,32168
32174,32174
32179,32179
32180,32180
32184,32184
32187,32187
32192,32192
32198,32198
32202,32202
32208,32208
32209,32209
32212,32212
32213,32456
32214,32860
32233,32233
32247,32247
32249,32249
32256,32256
32260,32260
32262,32262
32268,32268
32271,32271
32275,32275
32289,32530
32312,32312
32313,32313
32314,32314
32322,32322
32324,32324
32325,32325
32335,32335
32336,32336
32337,32337
32343,32343
32348,32348
32350,32350
32380,32380
32386,33184
32405,32405
32407,32407
32412,32412
32414,32414
32423,32423
32456,32456
32464,32464
32472,32472
32485,32485
32507,32507
32522,32522
32526,32526
32527,32527
32529,32529
32530,32530
32532,32532
32535,32535
32550,32550
32551,32551
32552,32552
32555,32555
32560,32860
32571,32571
32578,32578
32583,32583
32592,32592
32606,32606
32622,32794
32635,32635
32648,32648
32650,32650
32652,32652
32653,32653
32659,32659
32660,32660
32664,32664
32666,32666
32670,32670
32672,32672
32675,32675
32676,32676
32682,32682
32683,32683
32692,33184
32695,32695
32710,33454
32721,32776
32733,32733
32745,32745
32747,32747
32755,32755
32759,32759
32771,32771
32772,32929
32776,32776
32794,32794
32812,32812
32822,32822
32830,32830
32839,32839
32848,32848
32851,32851
32857,32857
32858,32858
32859,33184
32860,32860
32863,35267
32869,32869
32874,32874
32876,32876
32886,32886
32888,32888
32893,32893
32898,32929
32900,32900
32902,32902
32903,32903
32905,32905
32907,32907
32909,32909
32912,33184
32915,32915
32919,32919
32920,32920
32923,32923
32924,32924
32929,32929
32933,32933
32941,32941
32967,32967
32968,32968
32973,32973
32985,32985
32987,32987
32997,32997
32999,32999
33000,33000
33001,33001
33016,33016
33032,33032
33038,33038
33043,33043
33047,33047
33056,33056
33057,33057
33062,33062
33077,33077
33085,33085
33092,33092
33094,33094
33132,33132
33135,33454
33138,33138
33142,33142
33143,33143
33145,33145
33147,33147
33150,33150
33155,33155
33160,33160
33163,33163
33168,33168
33169,33365
33176,33176
33181,33181
33183,33183
33184,33184
33192,33192
33194,33194
33195,33195
33198,33198
33212,33212
33215,33215
33235,33235
33253,33253
33260,33454
33262,33262
33267,33447
33281,33281
33306,33306
33307,33307
33310,33310
33316,33316
33318,33318
33321,33321
33332,33332
33333,33333
33338,33338
33339,33339
33341,33341
33356,33356
33357,33522
33361,33361
33365,33365
33369,33369
33373,33373
33374,33374
33375,33375
33379,33379
33385,33385
33386,33386
33389,33389
33398,33398
33400,33400
33405,33405
33417,33417
33419,33419
33430,33430
33431,33431
33437,33437
33447,33447
33450,33450
33451,33451
33452,33452
33454,33454
33456,33628
33457,33457
33463,33463
33485,33485
33487,33487
33488,33488
33490,33490
33491,33491
33492,33492
33493,34859
33496,33496
33502,33502
33505,33505
33508,33508
33510,33510
33511,33511
33512,33512
33513,33513
33516,33516
33519,34657
33521,33638
33522,33522
33524,33524
33526,33526
33532,33532
33533,33533
33534,33534
33542,33542
33548,33548
33551,34859
33555,33678
33556,33556
33560,33574
33562,33562
33563,33563
33566,33566
33568,33751
33569,33569
33570,33570
33574,33574
33580,33580
33581,33651
33584,33584
33585,33628
33586,33638
33588,33676
33591,33591
33592,33592
33594,33594
33596,33596
33598,33598
33599,33599
33602,33628
33603,33603
33604,33604
33605,33605
33607,33638
33608,33777
33611,33611
33617,33617
33625,33625
33626,33626
33628,33628
33634,33634
33638,33638
33644,34017
33650,33650
33651,33651
33652,33652
33657,33678
33659,33659
33665,33777
33666,33666
33668,33668
33672,33672
33676,33676
33678,33678
33679,34859
33681,33681
33687,33687
33688,33688
33689,33689
33690,33690
33691,33691
33695,33695
33701,33701
33702,33702
33703,33703
33704,33704
33706,33706
33707,33707
33708,33708
33710,33777
33711,33711
33714,33714
33715,33757
33716,33716
33717,34657
33718,33718
33720,33774
33724,33724
33725,33725
33727,33727
33728,33728
33730,33730
33731,33731
33733,33733
33736,33736
33742,33742
33743,33743
33744,33744
33745,33745
33747,33747
33751,33751
33754,33754
33755,33755
33757,33757
33762,33762
33765,33765
33768,34859
33772,33772
33773,33773
33774,33774
33777,33777
33780,33780
33781,33781
33782,33782
33785,33785
33786,33786
33787,34859
33788,33788
33789,33789
33790,33790
33791,33791
33798,33798
33799,33799
33800,33800
33812,33812
33813,33813
33814,33814
33815,33815
33817,33817
33820,34000
33821,33821
33824,33824
33828,33828
33829,33829
33830,33830
33831,34428
33835,33835
33836,33836
33837,33837
33838,33838
33840,33840
33841,33841
33842,33842
33844,33844
33850,33850
33851,33851
33853,33853
33854,33854
33857,33857
33859,33859
33861,33861
33862,33862
33864,33864
33869,33869
33870,33870
33871,33871
33881,33881
33882,33882
33887,33887
33889,33889
33890,34859
33891,33891
33895,33895
33897,33897
33908,33908
33914,33914
33916,33916
33925,33925
33926,33926
33927,33927
33934,33934
33939,33939
33942,34570
33943,33943
33944,33944
33950,33950
33951,33951
33953,33953
33954,33954
33955,33955
33956,34562
33959,33959
33968,33968
33970,33970
33973,33973
33977,33977
33981,33981
33996,34212
33997,33997
34000,34000
34001,34859
34009,34428
34017,34017
34033,34033
34047,34047
34100,34100
34109,34109
34138,34138
34143,34428
34144,34144
34145,34145
34148,34148
34149,34149
34158,34158
34160,34160
34163,34605
34165,34165
34167,34167
34180,34859
34184,34184
34186,34186
34198,34198
34201,34201
34202,34202
34205,34205
34210,34657
34211,34211
34212,34212
34218,34218
34234,34234
34278,34278
34279,34279
34288,34288
34292,34292
34294,34294
34296,34417
34311,34311
34312,34312
34324,34324
34329,34329
34341,34341
34355,34355
34366,34366
34368,34368
34369,34369
34371,34371
34380,34380
34417,34417
34428,34428
34450,34450
34453,34453
34455,34455
34456,34859
34465,34465
34466,34513
34469,34469
34473,34473
34474,34474
34488,34488
34492,34492
34493,34493
34494,34494
34504,34605
34506,34859
34508,34508
34510,34510
34513,34513
34514,34514
34515,34515
34516,34516
34542,34542
34548,34548
34554,34554
34558,34558
34559,34559
34562,34562
34563,34563
34566,34566
34570,34570
34572,34572
34576,34576
34581,34581
34586,34586
34593,34593
34594,34859
34595,34595
34601,34601
34604,34604
34605,34605
34612,34612
34614,34614
34622,34622
34627,34627
34628,34628
34630,34630
34631,34631
34633,34633
34635,34635
34637,34637
34639,34639
34640,34640
34643,34643
34645,34645
34646,34646
34650,34650
34653,34653
34657,34657
34662,34662
34676,34676
34679,34679
34680,34859
34689,34689
34698,34698
34704,34704
34715,34715
34716,34716
34717,34717
34719,34719
34727,34727
34728,34728
34732,34732
34733,34733
34735,34735
34736,34736
34737,34737
34738,34738
34745,34745
34746,34746
34747,34747
34754,34754
34757,34757
34758,34758
34760,34760
34761,34761
34762,34762
34763,34763
34774,34774
34776,34776
34777,34777
34778,34778
34781,34781
34782,34782
34784,34784
34788,34788
34791,34791
34794,34794
34797,34797
34801,34801
34804,34804
34808,34808
34809,35077
34810,34810
34815,34815
34816,34816
34817,35097
34834,34834
34845,34845
34854,34854
34859,34859
34877,35074
34886,34886
34917,34917
34918,34918
34925,34925
34941,34941
34961,34961
34963,34963
34965,34965
34975,34975
34977,34977
34998,34998
35000,35000
35002,35002
35007,35007
35008,35008
35043,35043
35046,35046
35047,35047
35059,35059
35074,35074
35077,35077
35081,35081
35083,35083
35090,35090
35092,35092
35096,35096
35097,35097
35106,35106
35113,35113
35114,35114
35118,35118
35136,35136
35137,35137
35139,35139
35140,35140
35141,35141
35143,35143
35144,35144
35146,35146
35152,35152
35154,35154
35157,35157
35158,35158
35162,35162
35164,35164
35170,35170
35184,35184
35186,35186
35205,35205
35215,35215
35217,35217
35218,35218
35223,35223
35226,35226
35236,35236
35238,35238
35239,35239
35241,35241
35243,35243
35265,35265
35267,35267
35270,35270
35272,35272
35273,35273
35274,35274
35278,35278
35283,35283
35284,35284
35288,35288
35290,35290
35293,35293
35301,35301
35302,35302
35303,35303
35304,35304
35305,35305
35306,35306
35307,35307
35308,35308
35313,35313
35316,35316
35319,35319
35324,35324
35330,35330
35333,35333
35335,35335
35336,35336
35344,35344
35345,35345
35347,35347
35348,35348
35350,35350
35351,35351
35368,35368
35370,35370
35371,35371
35375,35375
35383,35383
35388,35388
35392,35392
35396,35396
35397,35397
35399,35399
35400,35400
35401,35401
35404,35404
35407,35407
35410,35410
35412,35412
35413,35413
35414,35414
35415,35415
35416,35416
35418,35418
35420,35420
35422,35422
35424,35424
35425,35425
35426,35426
35427,35427
35428,35428
35429,35429
35433,35433
35434,35434
35435,35435
35436,35436
35437,35437
35438,35438
35441,35441
35445,35445
35452,35452
35454,35454
35458,35458
35462,35462
35465,35465
35466,35466
35469,35469
35470,35470
35471,35471
35476,35476
35477,35477
35483,35483
35488,35564
35490,35490
35491,35491
35492,35492
35495,35495
35500,35500
35502,35550
35504,35504
35505,35505
35506,35506
35509,35509
35511,35511
35527,35527
35528,35528
35529,35529
35530,35530
35531,35531
35535,35535
35536,35536
35537,35537
35538,35538
35539,35539
35542,35542
35543,35543
35545,35545
35548,35548
35550,35550
35553,35553
35561,35561
35563,35563
35564,35564
35571,35571
35572,35572
35573,35573
35574,35928
35575,35575
35577,35577
35578,35578
35580,35580
35581,35581
35583,36430
35585,35871
35586,35586
35587,35587
35589,35589
35592,35592
35596,35596
35599,35599
35602,35602
35606,35606
35609,35609
35610,35672
35614,35614
35621,35621
35626,35626
35627,35627
35634,35634
35638,35638
35639,35639
35644,35644
35647,35647
35649,35649
35650,35650
35651,35651
35657,35657
35658,35658
35659,35659
35660,35660
35661,35661
35664,35664
35665,35665
35668,35668
35672,35672
35673,35673
35674,35674
35679,35712
35682,35682
35693,35693
35694,35694
35710,35710
35712,35712
35732,35932
35733,35733
35744,35744
35745,35745
35746,35746
35748,35748
35749,35749
35751,35751
35755,35755
35756,35756
35757,35757
35760,35760
35763,35763
35764,35892
35769,35769
35771,35771
35774,35774
35775,35775
35788,35788
35790,35790
35794,35794
35795,35795
35799,35799
35806,35806
35808,35808
35812,35812
35817,35817
35822,35882
35825,35871
35828,35828
35830,35830
35831,35831
35836,36430
35848,35848
35850,35850
35854,35897
35855,35855
35857,35857
35861,35861
35864,35864
35866,36469
35867,35867
35871,35871
35882,35882
35886,35886
35890,35890
35891,35891
35892,35892
35895,35895
35897,35897
35899,35899
35900,35900
35904,35904
35905,35905
35907,35907
35908,36211
35928,35928
35930,35930
35932,35932
35934,35934
35938,35938
35942,35942
35959,35959
35961,35961
35967,36430
35972,35972
35980,35980
35981,35981
35982,35982
35988,35988
35990,35990
35994,35994
35995,35995
36000,36000
36015,36015
36022,36022
36025,36025
36033,36033
36036,36036
36039,36039
36040,36040
36053,36469
36063,36063
36065,36065
36066,36469
36068,36068
36069,36430
36071,36071
36072,36072
36076,36211
36090,36090
36091,36091
36096,36469
36101,36101
36102,36102
36106,36106
36107,36107
36110,36110
36111,36111
36115,36115
36116,36116
36122,36122
36125,36125
36127,36127
36128,36128
36130,36130
36149,36149
36154,36154
36155,36155
36159,36159
36160,36160
36185,36185
36186,36186
36187,36469
36188,36346
36189,36189
36190,36190
36193,36459
36197,36197
36198,36198
36202,36202
36205,36205
36206,36206
36208,36208
36210,36210
36211,36211
36215,36215
36227,36227
36234,36234
36235,36235
36250,36469
36255,36255
36256,36463
36261,36261
36265,36459
36276,36276
36280,36280
36281,36281
36286,36286
36287,36287
36292,36292
36295,36295
36301,36301
36309,36309
36310,36310
36311,36311
36312,36312
36313,36313
36314,36314
36317,36469
36318,36662
36320,36320
36321,36321
36322,36322
36323,36323
36325,36325
36332,36332
36333,36333
36346,36346
36350,36350
36363,36363
36367,36367
36374,36374
36375,36375
36382,36382
36386,36386
36387,36387
36394,36394
36400,36400
36404,36404
36406,36406
36410,36410
36415,36474
36417,36417
36420,36420
36422,36422
36427,36427
36429,36469
36430,36430
36434,36434
36450,36450
36459,36459
36463,36463
36468,36468
36469,36469
36474,36474
36475,36475
36480,36480
36485,36485
36487,36487
36496,36496
36500,37160
36502,37066
36503,36503
36504,36566
36513,36513
36524,36524
36528,36528
36540,36540
36541,36541
36550,36550
36556,36556
36561,36561
36566,36566
36572,36572
36577,36577
36589,36589
36627,36627
36628,36628
36634,36634
36645,36645
36646,37287
36647,36647
36649,36649
36652,36652
36653,36653
36654,36654
36655,36655
36656,36656
36662,36662
36664,36664
36665,36665
36676,36724
36687,36687
36691,36691
36693,37546
36697,36697
36698,36698
36699,36699
36703,36703
36706,36706
36712,36712
36715,36830
36717,36717
36722,36722
36724,36724
36739,36739
36768,37546
36786,36786
36793,36793
36800,36800
36814,36814
36817,36817
36829,37546
36830,36830
36835,36835
36837,36837
36838,36838
36844,36844
36845,36845
36851,36851
36863,36863
36864,36864
36880,36880
36899,36899
36901,36901
36903,36903
36908,36908
36911,36911
36913,36913
36915,36915
36918,37287
36938,36938
36963,37287
36968,36968
36973,36973
36975,36975
36976,36976
36992,36992
36998,36998
37005,37005
37006,37006
37007,37007
37012,37012
37013,37013
37020,37020
37027,37027
37045,37045
37050,37050
37066,37066
37069,37069
37077,37077
37078,37078
37079,37079
37083,37083
37088,37088
37106,37106
37108,37108
37111,37111
37118,37118
37119,37119
37120,37120
37121,37121
37124,37124
37130,37130
37141,37141
37142,37142
37143,37143
37144,37144
37145,37145
37146,37146
37149,37149
37151,37151
37152,37152
37154,37154
37158,37158
37160,37160
37161,37161
37166,37166
37170,37170
37172,37172
37177,37177
37178,37316
37184,37184
37186,37186
37196,37196
37197,37197
37198,37198
37200,37200
37201,37201
37202,37202
37203,37203
37204,37204
37205,37205
37212,37212
37213,37213
37214,37287
37215,37215
37216,37216
37218,37218
37220,37220
37229,37229
37232,37306
37235,37235
37236,37236
37238,37238
37242,37242
37247,37247
37248,37248
37250,37250
37253,37253
37254,37254
37256,37256
37265,37365
37266,37266
37267,37267
37268,37268
37283,37283
37287,37287
37306,37306
37316,37316
37322,37322
37325,37325
37346,37346
37364,37364
37365,37365
37393,37393
37400,37400
37409,37409
37411,37411
37421,37421
37426,37426
37432,37432
37434,37434
37435,37435
37438,37438
37439,37439
37440,37440
37447,37447
37452,37452
37454,37454
37464,37464
37468,37468
37488,37488
37503,37503
37519,37519
37520,37520
37523,37523
37525,37525
37526,37526
37528,37528
37530,37530
37532,37532
37534,37534
37536,37536
37546,37546
37548,37548
37556,37556
37569,37569
37599,37599
37602,37602
37608,37608
37624,37624
37637,37637
37642,37642
37659,37659
37666,37666
37667,37667
37668,38123
37675,37675
37677,37677
37679,37679
37692,37692
37693,37693
37694,37694
37698,37698
37707,37707
37713,37713
37715,37715
37716,37716
37720,37720
37721,37721
37737,37737
37739,37739
37740,37740
37746,37746
37769,37769
37772,37772
37775,37775
37789,37789
37794,37794
37810,37810
37819,37819
37825,37825
37830,37830
37836,37836
37838,37838
37843,37843
37847,37847
37848,37848
37858,37858
37859,37859
37860,37860
37862,37862
37865,37865
37868,37868
37870,37870
37871,37871
37872,37872
37874,37874
37875,37875
37878,37878
37882,37882
37884,37884
37885,37885
37887,37887
37890,37890
37891,37891
37894,37894
37900,37900
37901,37901
37911,37911
37912,37912
37913,37913
37915,37915
37917,37917
37923,37923
37924,37924
37935,37935
37936,37936
37937,37937
37939,37939
37940,37940
37941,37941
37942,37942
37943,37943
37945,37958
37946,37946
37949,37949
37953,37953
37958,37958
37964,37964
37984,37984
37994,37994
38010,38010
38011,38011
38012,38012
38020,38020
38024,38024
38025,38025
38026,38026
38027,38027
38028,38028
38031,38031
38035,38035
38037,38037
38046,38046
38047,38047
38048,38048
38052,38052
38058,38058
38061,38061
38062,38062
38065,38065
38066,38066
38068,38068
38072,38072
38077,38077
38081,38081
38085,38133
38087,38087
38088,38088
38093,38093
38095,38095
38096,38096
38097,38097
38102,38102
38103,38103
38106,38106
38111,38111
38112,38112
38113,38113
38115,38115
38117,38117
38121,38121
38122,38122
38123,38123
38124,38124
38125,38125
38131,38131
38132,38132
38133,38133
38135,38135
38139,38139
38147,38147
38154,38154
38164,38164
38168,38168
38169,38169
38172,38172
38174,38174
38180,38180
38183,38183
38187,38187
38192,38192
38193,38193
38202,38202
38206,38206
38210,38210
38211,38211
38214,38407
38215,38215
38218,38218
38219,38219
38220,38220
38221,38221
38224,38224
38225,38225
38229,38229
38233,38233
38241,38241
38242,38242
38244,38244
38253,38253
38255,38255
38257,38360
38261,38261
38267,38440
38269,38269
38274,38274
38275,38362
38280,38504
38293,38293
38302,38302
38305,38305
38307,38307
38308,38308
38326,38326
38329,38329
38337,38337
38342,38342
38343,38343
38350,38350
38354,38354
38355,38355
38356,38504
38360,38360
38362,38362
38364,38364
38365,38365
38366,38366
38371,38371
38378,38378
38379,38379
38385,38385
38388,38388
38391,38391
38395,38395
38401,38401
38405,38405
38407,38407
38425,38425
38431,38431
38435,38435
38440,38440
38444,38444
38446,38446
38447,38447
38454,38454
38455,38455
38457,38503
38462,38462
38464,38464
38466,38466
38467,38467
38468,38468
38469,38469
38475,38475
38477,38477
38478,38478
38482,38482
38486,38486
38487,38487
38497,38497
38501,38501
38502,38502
38503,38503
38504,38504
38506,38506
38507,38507
38508,38508
38509,38509
38510,38510
38511,38511
38512,38512
38514,38514
38517,38517
38518,38518
38522,38522
